cal_per_gesture,config,patient,n_cal,n_test_same,n_test_next,has_next_session,fit_time_s,same_acc,same_f1m,same_f1_rest,same_f1_close,same_f1_open,next_acc,next_f1m,next_f1_rest,next_f1_close,next_f1_open
3,patient_only,patient1,36,117,936,True,0.22042584419250488,0.3333333333333333,0.16666666666666666,0.0,0.5,0.0,0.8333333333333334,0.30303030303030304,0.0,0.9090909090909091,0.0
3,grabmyo_cal,patient1,36,117,936,True,31.829845905303955,0.7863247863247863,0.7854431424327446,1.0,0.6575342465753424,0.6987951807228915,0.43803418803418803,0.5433584264205925,1.0,0.5369718309859155,0.09310344827586207
3,patient_only,patient2,36,117,936,True,0.042572021484375,0.3333333333333333,0.16666666666666666,0.0,0.5,0.0,0.8333333333333334,0.30303030303030304,0.0,0.9090909090909091,0.0
3,grabmyo_cal,patient2,36,117,936,True,33.08170700073242,0.8376068376068376,0.836936788248886,1.0,0.7710843373493976,0.7397260273972601,0.5897435897435898,0.5767926505949813,1.0,0.7099697885196375,0.020408163265306124
3,patient_only,patient3,36,117,936,True,0.04735708236694336,0.3333333333333333,0.16666666666666666,0.0,0.5,0.0,0.8333333333333334,0.30303030303030304,0.0,0.9090909090909091,0.0
3,grabmyo_cal,patient3,36,117,936,True,30.520215034484863,0.7264957264957265,0.7072484166080225,1.0,0.44827586206896547,0.673469387755102,0.3194444444444444,0.4855028110000985,0.9387755102040816,0.33755274261603374,0.18018018018018017
3,patient_only,patient4,36,117,936,True,0.03954815864562988,0.3333333333333333,0.16666666666666666,0.0,0.5,0.0,0.8333333333333334,0.30303030303030304,0.0,0.9090909090909091,0.0
3,grabmyo_cal,patient4,36,117,936,True,30.017683029174805,0.7948717948717948,0.7943309162821359,1.0,0.7073170731707318,0.6756756756756757,0.32051282051282054,0.4820050462190378,1.0,0.3896353166986565,0.05637982195845698
3,patient_only,patient5,36,117,936,True,0.03502178192138672,0.3333333333333333,0.16666666666666666,0.0,0.5,0.0,0.8333333333333334,0.30303030303030304,0.0,0.9090909090909091,0.0
3,grabmyo_cal,patient5,36,117,936,True,29.26269793510437,0.6239316239316239,0.6027777777777777,1.0,0.5416666666666666,0.26666666666666666,0.5598290598290598,0.5960685105391047,0.9685534591194969,0.6661251015434606,0.15352697095435686
3,patient_only,patient6,36,117,936,True,0.031771183013916016,0.3333333333333333,0.16666666666666666,0.0,0.5,0.0,0.8333333333333334,0.30303030303030304,0.0,0.9090909090909091,0.0
3,grabmyo_cal,patient6,36,117,936,True,29.427353143692017,0.8205128205128205,0.8076920784762449,0.9873417721518987,0.6440677966101694,0.7916666666666666,0.5053418803418803,0.5860830792104647,0.9341317365269461,0.5825067628494139,0.2416107382550336
3,patient_only,patient7,36,117,936,True,0.03373217582702637,0.3333333333333333,0.16666666666666666,0.0,0.5,0.0,0.8333333333333334,0.30303030303030304,0.0,0.9090909090909091,0.0
3,grabmyo_cal,patient7,36,117,936,True,28.86415410041809,0.7521367521367521,0.7365018347020792,1.0,0.5084745762711865,0.7010309278350514,0.3942307692307692,0.4834936228386854,0.8554216867469879,0.4848484848484849,0.11021069692058347
3,patient_only,patient8,36,117,936,True,0.03793692588806152,0.3333333333333333,0.16666666666666666,0.0,0.5,0.0,0.8333333333333334,0.30303030303030304,0.0,0.9090909090909091,0.0
3,grabmyo_cal,patient8,36,117,936,True,29.70863628387451,0.6923076923076923,0.6852876011198323,0.9873417721518987,0.5909090909090909,0.47761194029850745,0.3611111111111111,0.21617455524562643,0.05,0.5506003430531732,0.047923322683706075
3,patient_only,patient9,36,117,936,True,0.036830902099609375,0.3333333333333333,0.16666666666666666,0.0,0.5,0.0,0.8333333333333334,0.30303030303030304,0.0,0.9090909090909091,0.0
3,grabmyo_cal,patient9,36,117,936,True,32.31887722015381,0.7948717948717948,0.7734204793028323,1.0,0.5555555555555556,0.7647058823529412,0.4551282051282051,0.54547647539271,0.8695652173913044,0.5339449541284405,0.2329192546583851
3,patient_only,patient10,36,117,936,True,0.03592085838317871,0.3333333333333333,0.16666666666666666,0.0,0.5,0.0,0.8333333333333334,0.30303030303030304,0.0,0.9090909090909091,0.0
3,grabmyo_cal,patient10,36,117,936,True,32.629485845565796,0.5384615384615384,0.5125624980346529,0.9870129870129869,0.4489795918367347,0.1016949152542373,0.3269230769230769,0.4290812501338817,0.81203007518797,0.4444444444444444,0.030769230769230774
3,patient_only,patient11,36,117,936,True,0.04367399215698242,0.3333333333333333,0.16666666666666666,0.0,0.5,0.0,0.8333333333333334,0.30303030303030304,0.0,0.9090909090909091,0.0
3,grabmyo_cal,patient11,36,117,936,True,32.270752906799316,0.5897435897435898,0.5384615384615384,1.0,0.5384615384615385,0.07692307692307693,0.3344017094017094,0.18778235622101644,0.0,0.5129533678756477,0.050393700787401574
3,patient_only,patient12,36,117,936,True,0.03708314895629883,0.3333333333333333,0.16666666666666666,0.0,0.5,0.0,0.8333333333333334,0.30303030303030304,0.0,0.9090909090909091,0.0
3,grabmyo_cal,patient12,36,117,936,True,31.444454193115234,0.7863247863247863,0.7781191329578426,1.0,0.7311827956989246,0.6031746031746031,0.7638888888888888,0.6562228900099262,1.0,0.8491467576791809,0.11952191235059761
3,patient_only,patient13,36,117,936,True,0.04132795333862305,0.3333333333333333,0.16666666666666666,0.0,0.5,0.0,0.8333333333333334,0.30303030303030304,0.0,0.9090909090909091,0.0
3,grabmyo_cal,patient13,36,117,936,True,32.73557686805725,0.8205128205128205,0.8223749152367791,0.8529411764705882,0.8051948051948051,0.8089887640449438,0.2638888888888889,0.17001711798006988,0.0,0.38915779283639884,0.12089356110381076
3,patient_only,patient14,36,117,936,True,0.03676104545593262,0.3333333333333333,0.16666666666666666,0.0,0.5,0.0,0.8333333333333334,0.30303030303030304,0.0,0.9090909090909091,0.0
3,grabmyo_cal,patient14,36,117,936,True,34.69705033302307,0.6239316239316239,0.6057442214825967,0.9189189189189189,0.5825242718446603,0.3157894736842105,0.7585470085470085,0.6162643478008504,0.9743589743589743,0.8481182795698924,0.026315789473684213
3,patient_only,patient15,36,117,0,False,0.03519082069396973,0.3333333333333333,0.16666666666666666,0.0,0.5,0.0,,,,,
3,grabmyo_cal,patient15,36,117,0,False,32.877578258514404,0.8974358974358975,0.8949494949494948,1.0,0.8181818181818181,0.8666666666666666,,,,,
3,patient_only,patient16,36,117,936,True,0.11445093154907227,0.3333333333333333,0.16666666666666666,0.0,0.5,0.0,0.8333333333333334,0.30303030303030304,0.0,0.9090909090909091,0.0
3,grabmyo_cal,patient16,36,117,936,True,35.01844906806946,0.6752136752136753,0.6412490922294843,1.0,0.6274509803921569,0.2962962962962963,0.75,0.661236927624852,1.0,0.8377253814147018,0.145985401459854
3,patient_only,patient17,36,117,936,True,0.06364989280700684,0.3333333333333333,0.16666666666666666,0.0,0.5,0.0,0.8333333333333334,0.30303030303030304,0.0,0.9090909090909091,0.0
3,grabmyo_cal,patient17,36,117,936,True,34.41949796676636,0.6068376068376068,0.6026578073089701,1.0,0.4651162790697675,0.34285714285714286,0.3995726495726496,0.5213063657646831,0.9736842105263158,0.49087591240875905,0.09935897435897435
3,patient_only,patient18,36,117,936,True,0.05958700180053711,0.3333333333333333,0.16666666666666666,0.0,0.5,0.0,0.8333333333333334,0.30303030303030304,0.0,0.9090909090909091,0.0
3,grabmyo_cal,patient18,36,117,936,True,33.35726714134216,0.7521367521367521,0.7483692590075569,0.945945945945946,0.723404255319149,0.5757575757575758,0.4732905982905983,0.4049950053267284,0.4790419161676646,0.6357504215851602,0.1001926782273603
3,patient_only,patient19,36,117,936,True,0.06725692749023438,0.3333333333333333,0.16666666666666666,0.0,0.5,0.0,0.8333333333333334,0.30303030303030304,0.0,0.9090909090909091,0.0
3,grabmyo_cal,patient19,36,117,936,True,32.999019145965576,0.811965811965812,0.811842105263158,1.0,0.725,0.7105263157894737,0.6923076923076923,0.3187763217634994,0.0,0.8357615894039734,0.12056737588652482
3,patient_only,patient20,36,117,936,True,0.05434608459472656,0.3333333333333333,0.16666666666666666,0.0,0.5,0.0,0.8333333333333334,0.30303030303030304,0.0,0.9090909090909091,0.0
3,grabmyo_cal,patient20,36,117,936,True,33.58113503456116,0.7008547008547008,0.696219596062487,0.9736842105263158,0.47761194029850745,0.6373626373626373,0.6207264957264957,0.6527519119601094,0.9870129870129869,0.7144006436041834,0.25684210526315787
3,patient_only,patient21,36,117,896,True,0.03901529312133789,0.3333333333333333,0.16666666666666666,0.0,0.5,0.0,0.8258928571428571,0.3015484922575387,0.0,0.9046454767726161,0.0
3,grabmyo_cal,patient21,36,117,896,True,31.05942988395691,0.8632478632478633,0.8631578947368421,1.0,0.7894736842105263,0.8,0.19977678571428573,0.4129941645310982,1.0,0.06028833551769332,0.17869415807560138
3,patient_only,patient22,36,117,936,True,0.07934999465942383,0.3333333333333333,0.16666666666666666,0.0,0.5,0.0,0.8333333333333334,0.30303030303030304,0.0,0.9090909090909091,0.0
3,grabmyo_cal,patient22,36,117,936,True,32.16002607345581,0.8547008547008547,0.8474547023295944,1.0,0.7213114754098361,0.8210526315789474,0.44871794871794873,0.5021100094285106,0.7213114754098361,0.5528756957328386,0.23214285714285718
3,patient_only,patient23,36,117,936,True,0.07426905632019043,0.3333333333333333,0.16666666666666666,0.0,0.5,0.0,0.8333333333333334,0.30303030303030304,0.0,0.9090909090909091,0.0
3,grabmyo_cal,patient23,36,117,936,True,32.14888787269592,0.6153846153846154,0.6043956043956044,1.0,0.5054945054945056,0.3076923076923077,0.5844017094017094,0.5469964366669826,0.9341317365269461,0.7068575734740016,0.0
3,patient_only,patient24,36,117,936,True,0.04261207580566406,0.3333333333333333,0.16666666666666666,0.0,0.5,0.0,0.8333333333333334,0.30303030303030304,0.0,0.9090909090909091,0.0
3,grabmyo_cal,patient24,36,117,936,True,32.28931474685669,0.48717948717948717,0.473189395232406,0.6071428571428571,0.5161290322580645,0.2962962962962963,0.7788461538461539,0.3900407584618111,0.0,0.8771929824561403,0.29292929292929293
3,patient_only,patient25,36,117,936,True,0.05617499351501465,0.3333333333333333,0.16666666666666666,0.0,0.5,0.0,0.8333333333333334,0.30303030303030304,0.0,0.9090909090909091,0.0
3,grabmyo_cal,patient25,36,117,936,True,31.956470012664795,0.6068376068376068,0.5385802469135802,1.0,0.574074074074074,0.041666666666666664,0.6527777777777778,0.5886484047726755,0.9871794871794872,0.7665706051873199,0.012195121951219513
3,patient_only,patient26,36,117,936,True,0.0369420051574707,0.3333333333333333,0.16666666666666666,0.0,0.5,0.0,0.8333333333333334,0.30303030303030304,0.0,0.9090909090909091,0.0
3,grabmyo_cal,patient26,36,117,936,True,32.41309595108032,0.7350427350427351,0.7274725274725274,1.0,0.523076923076923,0.6593406593406593,0.7446581196581197,0.6745550009163059,0.9620253164556962,0.8306165839829908,0.231023102310231
3,patient_only,patient27,36,117,936,True,0.04026484489440918,0.3333333333333333,0.16666666666666666,0.0,0.5,0.0,0.8333333333333334,0.30303030303030304,0.0,0.9090909090909091,0.0
3,grabmyo_cal,patient27,36,117,936,True,32.18100094795227,0.5982905982905983,0.5828639699607442,1.0,0.49462365591397855,0.25396825396825395,0.5245726495726496,0.5247357331287338,0.7681159420289855,0.6546349466776045,0.15145631067961166
3,patient_only,patient28,36,117,936,True,0.07346892356872559,0.3333333333333333,0.16666666666666666,0.0,0.5,0.0,0.8333333333333334,0.30303030303030304,0.0,0.9090909090909091,0.0
3,grabmyo_cal,patient28,36,117,936,True,31.154318809509277,0.7008547008547008,0.6588789881955012,0.945945945945946,0.6902654867256637,0.3404255319148936,0.8205128205128205,0.7566161391498408,0.8936170212765957,0.888731396172927,0.48749999999999993
3,patient_only,patient29,36,117,936,True,0.0391390323638916,0.3333333333333333,0.16666666666666666,0.0,0.5,0.0,0.8333333333333334,0.30303030303030304,0.0,0.9090909090909091,0.0
3,grabmyo_cal,patient29,36,117,936,True,32.06035590171814,0.5726495726495726,0.5715227422544495,1.0,0.3902439024390244,0.3243243243243243,0.44871794871794873,0.540529816870189,0.9565217391304347,0.5441696113074205,0.12089810017271156
3,patient_only,patient30,36,117,936,True,0.04120206832885742,0.3333333333333333,0.16666666666666666,0.0,0.5,0.0,0.8333333333333334,0.30303030303030304,0.0,0.9090909090909091,0.0
3,grabmyo_cal,patient30,36,117,936,True,29.852747917175293,0.7606837606837606,0.7581395348837209,1.0,0.6,0.6744186046511628,0.3952991452991453,0.528662939669229,1.0,0.4759259259259259,0.11006289308176098
3,patient_only,patient31,36,117,936,True,0.035633087158203125,0.3333333333333333,0.16666666666666666,0.0,0.5,0.0,0.8333333333333334,0.30303030303030304,0.0,0.9090909090909091,0.0
3,grabmyo_cal,patient31,36,117,936,True,28.68460512161255,0.6837606837606838,0.6092927769398359,0.7115384615384616,0.8941176470588235,0.2222222222222222,0.8547008547008547,0.6564472770590072,0.791044776119403,0.9282970550576184,0.25
3,patient_only,patient32,36,117,936,True,0.040119171142578125,0.3333333333333333,0.16666666666666666,0.0,0.5,0.0,0.8333333333333334,0.30303030303030304,0.0,0.9090909090909091,0.0
3,grabmyo_cal,patient32,36,117,936,True,28.686892986297607,0.7008547008547008,0.6254373327845235,1.0,0.6902654867256637,0.18604651162790695,0.8023504273504274,0.6559448158421012,0.9454545454545454,0.8767488341105929,0.14563106796116507
3,patient_only,patient33,36,117,936,True,0.03535008430480957,0.3333333333333333,0.16666666666666666,0.0,0.5,0.0,0.8333333333333334,0.30303030303030304,0.0,0.9090909090909091,0.0
3,grabmyo_cal,patient33,36,117,936,True,28.59914755821228,0.6666666666666666,0.6685105018438352,0.9870129870129869,0.5,0.5185185185185186,0.38995726495726496,0.4800192428709718,0.8169014084507042,0.4883936861652739,0.1347626339969372
3,patient_only,patient34,36,117,936,True,0.0338129997253418,0.3333333333333333,0.16666666666666666,0.0,0.5,0.0,0.8333333333333334,0.30303030303030304,0.0,0.9090909090909091,0.0
3,grabmyo_cal,patient34,36,117,936,True,30.703510999679565,0.8290598290598291,0.8262032085561498,1.0,0.7058823529411765,0.7727272727272728,0.4722222222222222,0.5676742252060646,0.9341317365269461,0.5459610027855153,0.22292993630573246
3,patient_only,patient35,36,117,936,True,0.11384391784667969,0.3333333333333333,0.16666666666666666,0.0,0.5,0.0,0.8333333333333334,0.30303030303030304,0.0,0.9090909090909091,0.0
3,grabmyo_cal,patient35,36,117,936,True,31.4781391620636,0.6837606837606838,0.6829154542307219,0.935064935064935,0.5294117647058824,0.5842696629213484,0.38675213675213677,0.4278897028897029,0.6324786324786326,0.43849206349206354,0.2126984126984127
3,patient_only,patient36,36,117,936,True,0.042710065841674805,0.3333333333333333,0.16666666666666666,0.0,0.5,0.0,0.8333333333333334,0.30303030303030304,0.0,0.9090909090909091,0.0
3,grabmyo_cal,patient36,36,117,936,True,28.644926071166992,0.7094017094017094,0.673076923076923,1.0,0.673076923076923,0.34615384615384615,0.5128205128205128,0.2552773842053773,0.0,0.711890243902439,0.05394190871369295
3,patient_only,patient37,36,117,936,True,0.035353660583496094,0.3333333333333333,0.16666666666666666,0.0,0.5,0.0,0.8333333333333334,0.30303030303030304,0.0,0.9090909090909091,0.0
3,grabmyo_cal,patient37,36,117,936,True,28.72610878944397,0.8717948717948718,0.8668714797747056,1.0,0.761904761904762,0.8387096774193548,0.3920940170940171,0.518637439934688,1.0,0.48413417951042614,0.07177814029363784
3,patient_only,patient38,36,117,936,True,0.03669309616088867,0.3333333333333333,0.16666666666666666,0.0,0.5,0.0,0.8333333333333334,0.30303030303030304,0.0,0.9090909090909091,0.0
3,grabmyo_cal,patient38,36,117,936,True,28.979857921600342,0.4700854700854701,0.4625587789766894,0.9870129870129869,0.31111111111111117,0.08955223880597014,0.39636752136752135,0.4670591918302179,0.7716535433070866,0.5085049239033125,0.12101910828025476
3,patient_only,patient39,36,117,936,True,0.03518533706665039,0.3333333333333333,0.16666666666666666,0.0,0.5,0.0,0.8333333333333334,0.30303030303030304,0.0,0.9090909090909091,0.0
3,grabmyo_cal,patient39,36,117,936,True,28.533600091934204,0.6666666666666666,0.6285033888990658,1.0,0.6213592233009708,0.2641509433962264,0.6452991452991453,0.5818786630013014,0.962962962962963,0.758720930232558,0.023952095808383235
3,patient_only,patient40,36,117,936,True,0.03233504295349121,0.3333333333333333,0.16666666666666666,0.0,0.5,0.0,0.8333333333333334,0.30303030303030304,0.0,0.9090909090909091,0.0
3,grabmyo_cal,patient40,36,117,936,True,29.347632884979248,0.7435897435897436,0.7429136453526697,1.0,0.6341463414634145,0.5945945945945945,0.7264957264957265,0.6851238907466567,0.9936305732484078,0.813953488372093,0.24778761061946902
3,patient_only,patient41,36,117,936,True,0.029973983764648438,0.3333333333333333,0.16666666666666666,0.0,0.5,0.0,0.8333333333333334,0.30303030303030304,0.0,0.9090909090909091,0.0
3,grabmyo_cal,patient41,36,117,936,True,28.50399088859558,0.6837606837606838,0.6820839978734715,0.8181818181818181,0.6666666666666666,0.5614035087719298,0.7702991452991453,0.6120176073938485,0.6417910447761194,0.8596610169491524,0.33460076045627374
3,patient_only,patient42,36,117,936,True,0.0322113037109375,0.3333333333333333,0.16666666666666666,0.0,0.5,0.0,0.8333333333333334,0.30303030303030304,0.0,0.9090909090909091,0.0
3,grabmyo_cal,patient42,36,117,936,True,28.390136003494263,0.8547008547008547,0.8527402965184074,1.0,0.7536231884057971,0.8045977011494253,0.5512820512820513,0.6052751615251616,0.9212121212121213,0.642361111111111,0.2522522522522523
3,patient_only,patient43,36,117,936,True,0.03372597694396973,0.3333333333333333,0.16666666666666666,0.0,0.5,0.0,0.8333333333333334,0.30303030303030304,0.0,0.9090909090909091,0.0
3,grabmyo_cal,patient43,36,117,936,True,28.58393692970276,0.6239316239316239,0.5236170372033836,0.0,0.9315068493150686,0.639344262295082,0.7553418803418803,0.6459349327047451,0.6779661016949152,0.8608885651857247,0.3989501312335958
3,patient_only,patient44,36,117,936,True,0.03356003761291504,0.3333333333333333,0.16666666666666666,0.0,0.5,0.0,0.8333333333333334,0.30303030303030304,0.0,0.9090909090909091,0.0
3,grabmyo_cal,patient44,36,117,936,True,28.48308515548706,0.7435897435897436,0.7373737373737373,1.0,0.5454545454545455,0.6666666666666667,0.35363247863247865,0.5080318414185565,0.951219512195122,0.367816091954023,0.20505992010652463
3,patient_only,patient45,36,117,936,True,0.03464221954345703,0.3333333333333333,0.16666666666666666,0.0,0.5,0.0,0.8333333333333334,0.30303030303030304,0.0,0.9090909090909091,0.0
3,grabmyo_cal,patient45,36,117,936,True,28.3212411403656,0.7350427350427351,0.7218291630716135,1.0,0.6736842105263158,0.4918032786885246,0.7927350427350427,0.6992150229855149,1.0,0.8674863387978142,0.23015873015873017
3,patient_only,patient46,36,117,936,True,0.030568838119506836,0.3333333333333333,0.16666666666666666,0.0,0.5,0.0,0.8333333333333334,0.30303030303030304,0.0,0.9090909090909091,0.0
3,grabmyo_cal,patient46,36,117,936,True,30.60271120071411,0.7094017094017094,0.7092105263157894,1.0,0.5526315789473685,0.575,0.48824786324786323,0.5669286045317125,0.9936305732484078,0.5923404255319149,0.11481481481481481
3,patient_only,patient47,36,117,936,True,0.07807397842407227,0.3333333333333333,0.16666666666666666,0.0,0.5,0.0,0.8333333333333334,0.30303030303030304,0.0,0.9090909090909091,0.0
3,grabmyo_cal,patient47,36,117,936,True,33.10590100288391,0.7692307692307693,0.7414529914529915,0.9743589743589743,0.5,0.7499999999999999,0.2938034188034188,0.1965071965071965,0.0,0.39760239760239763,0.1919191919191919
3,patient_only,patient48,36,117,0,False,0.03274106979370117,0.3333333333333333,0.16666666666666666,0.0,0.5,0.0,,,,,
3,grabmyo_cal,patient48,36,117,0,False,40.13473463058472,0.7692307692307693,0.7465908028475644,0.8085106382978723,0.888888888888889,0.5423728813559321,,,,,
6,patient_only,patient1,72,117,936,True,0.299731969833374,0.7521367521367521,0.722442278544036,0.9873417721518987,0.7184466019417476,0.4615384615384615,0.9017094017094017,0.7586325308691895,0.7976878612716762,0.9416243654822335,0.5365853658536585
6,grabmyo_cal,patient1,72,117,936,True,42.13764500617981,0.7777777777777778,0.7771918259723138,1.0,0.6829268292682927,0.6486486486486486,0.5790598290598291,0.6180332009746431,0.9811320754716981,0.6791530944625407,0.19381443298969073
6,patient_only,patient2,72,117,936,True,0.31635499000549316,0.8803418803418803,0.8795092910180012,0.9873417721518987,0.8292682926829267,0.8219178082191781,0.8824786324786325,0.7019573461732916,0.9122807017543859,0.9300254452926209,0.2635658914728682
6,grabmyo_cal,patient2,72,117,936,True,41.94468688964844,0.8547008547008547,0.8517524735871206,1.0,0.8089887640449438,0.746268656716418,0.7403846153846154,0.6150389562468146,0.9935483870967742,0.835374149659864,0.016194331983805668
6,patient_only,patient3,72,117,936,True,0.3035001754760742,0.7606837606837606,0.7307692307692308,1.0,0.7307692307692307,0.4615384615384615,0.8920940170940171,0.6195056679037592,0.920245398773006,0.9382716049382716,0.0
6,grabmyo_cal,patient3,72,117,936,True,41.552781105041504,0.6923076923076923,0.6914963744232038,1.0,0.5135135135135135,0.5609756097560975,0.4166666666666667,0.534170854886297,0.9387755102040816,0.49859943977591037,0.16513761467889906
6,patient_only,patient4,72,117,936,True,0.24759793281555176,0.8717948717948718,0.8681318681318682,1.0,0.8351648351648352,0.7692307692307693,0.32264957264957267,0.2797909006058115,0.40519480519480516,0.4154863078375826,0.01869158878504673
6,grabmyo_cal,patient4,72,117,936,True,41.74448299407959,0.7863247863247863,0.765976597659766,1.0,0.7524752475247525,0.5454545454545454,0.38995726495726496,0.5140823173226413,1.0,0.486048604860486,0.05619834710743802
6,patient_only,patient5,72,117,936,True,0.25719285011291504,0.6581196581196581,0.6281761006289308,0.9600000000000001,0.6226415094339622,0.3018867924528302,0.7564102564102564,0.5861529356868904,0.9102564102564102,0.8482023968042609,0.0
6,grabmyo_cal,patient5,72,117,936,True,42.07644701004028,0.6324786324786325,0.6092958238686004,1.0,0.5567010309278351,0.27118644067796605,0.5683760683760684,0.5845394271900147,0.9685534591194969,0.6819258089976322,0.1031390134529148
6,patient_only,patient6,72,117,936,True,0.3156239986419678,0.6324786324786325,0.5286746277458351,0.9473684210526315,0.6386554621848739,0.0,0.8782051282051282,0.586918279659652,0.8072289156626505,0.9297163995067818,0.023809523809523808
6,grabmyo_cal,patient6,72,117,936,True,42.37797498703003,0.8717948717948718,0.8681318681318682,1.0,0.7692307692307693,0.8351648351648352,0.563034188034188,0.6349619881041264,0.9936305732484078,0.6477174849267873,0.26353790613718414
6,patient_only,patient7,72,117,936,True,0.26731109619140625,0.7863247863247863,0.7756686798964626,1.0,0.736842105263158,0.5901639344262295,0.8792735042735043,0.7724393070366076,0.8333333333333334,0.9256089532587228,0.5583756345177666
6,grabmyo_cal,patient7,72,117,936,True,41.692466259002686,0.7863247863247863,0.7819889317457656,1.0,0.6268656716417911,0.7191011235955057,0.5277777777777778,0.5656999853126754,0.8994082840236687,0.6297229219143576,0.16796875000000003
6,patient_only,patient8,72,117,936,True,0.3258819580078125,0.9914529914529915,0.9914515863882952,0.9873417721518987,1.0,0.9870129870129869,0.8034188034188035,0.720956510049069,0.9342105263157894,0.8731034482758621,0.35555555555555557
6,grabmyo_cal,patient8,72,117,936,True,41.72642469406128,0.8803418803418803,0.8780713640469737,0.975,0.8055555555555556,0.8536585365853658,0.6314102564102564,0.36888851915989956,0.1647058823529412,0.8023088023088024,0.1396508728179551
6,patient_only,patient9,72,117,936,True,0.31979870796203613,0.905982905982906,0.9040751299681368,1.0,0.8764044943820225,0.835820895522388,0.8055555555555556,0.31877923994389173,0.06122448979591837,0.8951132300357569,0.0
6,grabmyo_cal,patient9,72,117,936,True,42.71520709991455,0.8376068376068376,0.827363271011707,1.0,0.6779661016949152,0.8041237113402061,0.6794871794871795,0.6645082582582583,1.0,0.7747747747747747,0.21875
6,patient_only,patient10,72,117,936,True,0.4109530448913574,0.7264957264957265,0.7252874537390174,0.631578947368421,0.7037037037037037,0.8405797101449275,0.8408119658119658,0.6296434635857948,0.6098654708520179,0.9139855548260014,0.36507936507936506
6,grabmyo_cal,patient10,72,117,936,True,43.427278995513916,0.6666666666666666,0.6406166932482722,1.0,0.6060606060606061,0.3157894736842105,0.5160256410256411,0.5511691445160829,0.9673202614379085,0.6398713826366559,0.04631578947368421
6,patient_only,patient11,72,117,936,True,0.32589292526245117,0.811965811965812,0.8016805307445702,0.9743589743589743,0.7755102040816326,0.6551724137931034,0.875,0.5777066509981587,0.0,0.9280885064535955,0.8050314465408805
6,grabmyo_cal,patient11,72,117,936,True,41.59279203414917,0.7863247863247863,0.7728464092259305,1.0,0.7422680412371133,0.5762711864406781,0.6207264957264957,0.33846833846833846,0.0,0.7647907647907648,0.25061425061425063
6,patient_only,patient12,72,117,936,True,0.3281521797180176,0.9487179487179487,0.94855929658655,0.9873417721518987,0.9268292682926831,0.9315068493150686,0.9188034188034188,0.7368141372469023,0.9570552147239264,0.9533871970167805,0.30000000000000004
6,grabmyo_cal,patient12,72,117,936,True,41.55028796195984,0.8034188034188035,0.787387132323841,0.9873417721518987,0.7676767676767675,0.6071428571428571,0.8867521367521367,0.6680027159033664,1.0,0.9338327091136079,0.07017543859649122
6,patient_only,patient13,72,117,936,True,0.3234550952911377,0.9145299145299145,0.9109107057457129,0.8529411764705882,0.9285714285714286,0.951219512195122,0.7927350427350427,0.33064686444046915,0.0,0.8834134615384617,0.10852713178294573
6,grabmyo_cal,patient13,72,117,936,True,42.603235960006714,0.9487179487179487,0.9489965178854067,0.9600000000000001,0.9382716049382716,0.9487179487179487,0.31517094017094016,0.19082176449744415,0.0,0.46750902527075816,0.10495626822157433
6,patient_only,patient14,72,117,936,True,0.2947349548339844,0.7264957264957265,0.7089382352540247,0.9487179487179487,0.6868686868686869,0.49122807017543857,0.8365384615384616,0.5241803148026247,0.0,0.9029374201787994,0.6696035242290749
6,grabmyo_cal,patient14,72,117,936,True,41.58250188827515,0.6410256410256411,0.5948683092608326,0.9090909090909091,0.6355140186915887,0.24000000000000002,0.7948717948717948,0.6427695863458492,0.9673202614379085,0.8731836195508585,0.08780487804878048
6,patient_only,patient15,72,117,0,False,0.5207397937774658,0.9658119658119658,0.9657894736842105,1.0,0.9500000000000001,0.9473684210526315,,,,,
6,grabmyo_cal,patient15,72,117,0,False,41.79847502708435,0.9316239316239316,0.9308970099667774,1.0,0.8857142857142858,0.9069767441860465,,,,,
6,patient_only,patient16,72,117,936,True,0.30980515480041504,0.9401709401709402,0.9399240798811684,0.9041095890410958,0.9156626506024097,1.0,0.8963675213675214,0.816868468979127,0.7162790697674418,0.9343263371699391,0.8000000000000002
6,grabmyo_cal,patient16,72,117,936,True,46.20509481430054,0.717948717948718,0.6727064657638756,1.0,0.6915887850467289,0.326530612244898,0.9155982905982906,0.7693772041298567,1.0,0.9504080351537978,0.3577235772357724
6,patient_only,patient17,72,117,936,True,0.35123300552368164,0.7435897435897436,0.7120971953001405,0.878048780487805,0.7676767676767675,0.4905660377358491,0.8707264957264957,0.6611507555673802,0.6842105263157895,0.9371727748691099,0.3620689655172414
6,grabmyo_cal,patient17,72,117,936,True,42.52410101890564,0.6153846153846154,0.6075800771423779,1.0,0.49438202247191015,0.32835820895522383,0.4775641025641026,0.5659100961426543,1.0,0.5788113695090439,0.11891891891891893
6,patient_only,patient18,72,117,936,True,0.4494178295135498,0.8461538461538461,0.8492355992355992,0.8333333333333333,0.7954545454545455,0.9189189189189189,0.7873931623931624,0.510349863380321,0.46645367412140576,0.8961748633879781,0.16842105263157894
6,grabmyo_cal,patient18,72,117,936,True,41.66040110588074,0.8888888888888888,0.8900766283524902,0.9166666666666666,0.8735632183908045,0.8799999999999999,0.6410256410256411,0.5046408817114233,0.6329113924050632,0.7773527161438408,0.10365853658536586
6,patient_only,patient19,72,117,936,True,0.496934175491333,0.47863247863247865,0.3911697621375041,0.6129032258064516,0.5606060606060607,0.0,0.782051282051282,0.3892223897165219,0.25174825174825183,0.8795552810376775,0.03636363636363637
6,grabmyo_cal,patient19,72,117,936,True,43.96654486656189,0.8632478632478633,0.8628872775214238,1.0,0.8048780487804877,0.7837837837837838,0.7564102564102564,0.4337845692195399,0.29166666666666663,0.8688419705694178,0.1408450704225352
6,patient_only,patient20,72,117,936,True,0.3476228713989258,0.6666666666666666,0.5793039509342462,0.9736842105263158,0.6666666666666666,0.09756097560975609,0.8600427350427351,0.5901794682622056,0.7684729064039408,0.9204328453214513,0.0816326530612245
6,grabmyo_cal,patient20,72,117,936,True,42.53440618515015,0.7264957264957265,0.7111111111111111,1.0,0.6666666666666666,0.4666666666666667,0.7115384615384616,0.6769713449069233,1.0,0.8023426061493413,0.22857142857142856
6,patient_only,patient21,72,117,896,True,0.5172810554504395,0.8632478632478633,0.8559956444807404,0.9873417721518987,0.8387096774193548,0.7419354838709677,0.37611607142857145,0.30188637020218667,0.23493975903614459,0.5005065856129686,0.1702127659574468
6,grabmyo_cal,patient21,72,117,896,True,42.6557776927948,0.8803418803418803,0.8774410774410774,1.0,0.8444444444444443,0.7878787878787878,0.22879464285714285,0.436129104984964,1.0,0.12420785804816223,0.18417945690672963
6,patient_only,patient22,72,117,936,True,0.2552480697631836,0.8034188034188035,0.7969865923270941,0.9382716049382716,0.7526881720430108,0.7000000000000001,0.9241452991452992,0.8469845192040045,0.8082901554404144,0.9534426229508196,0.7792207792207793
6,grabmyo_cal,patient22,72,117,936,True,41.63322901725769,0.8974358974358975,0.8949494949494948,1.0,0.8181818181818181,0.8666666666666666,0.5673076923076923,0.5715763888262648,0.7519999999999999,0.6846543001686342,0.27807486631016043
6,patient_only,patient23,72,117,936,True,0.361083984375,0.811965811965812,0.7987332864180154,1.0,0.7755102040816326,0.6206896551724138,0.9145299145299145,0.729981945215482,0.9397590361445783,0.950186799501868,0.30000000000000004
6,grabmyo_cal,patient23,72,117,936,True,41.573655128479004,0.7094017094017094,0.6889514426460238,1.0,0.6530612244897959,0.41379310344827586,0.8237179487179487,0.6194194070048208,0.9397590361445783,0.8933419521654816,0.025157232704402517
6,patient_only,patient24,72,117,936,True,0.26491284370422363,0.9145299145299145,0.9135157671743038,0.951219512195122,0.8974358974358975,0.8918918918918919,0.8461538461538461,0.4321059218760292,0.3578947368421052,0.9148936170212766,0.02352941176470588
6,grabmyo_cal,patient24,72,117,936,True,41.56343483924866,0.5213675213675214,0.49326441102756896,0.631578947368421,0.5625,0.2857142857142857,0.7873931623931624,0.3188908728974737,0.0,0.8803367408298257,0.07633587786259542
6,patient_only,patient25,72,117,936,True,0.40259313583374023,0.5982905982905983,0.58648158131177,0.6071428571428571,0.624,0.5283018867924528,0.9049145299145299,0.6770429867239294,0.9341317365269461,0.9448233106013638,0.15217391304347827
6,grabmyo_cal,patient25,72,117,936,True,41.79444098472595,0.6495726495726496,0.5478260869565217,1.0,0.6434782608695652,0.0,0.7606837606837606,0.6195046623507751,1.0,0.8496644295302013,0.008849557522123894
6,patient_only,patient26,72,117,936,True,0.2518930435180664,0.6752136752136753,0.5990259740259739,1.0,0.6607142857142857,0.13636363636363635,0.7777777777777778,0.5531324194607533,0.4137931034482759,0.8646517739816031,0.38095238095238093
6,grabmyo_cal,patient26,72,117,936,True,41.604597091674805,0.6324786324786325,0.619521433208142,0.9873417721518987,0.5274725274725274,0.34375,0.8376068376068376,0.7090429837787829,0.975,0.8996036988110964,0.25252525252525254
6,patient_only,patient27,72,117,936,True,0.3559408187866211,0.452991452991453,0.4052434787728905,0.392156862745098,0.6846846846846847,0.1388888888888889,0.8194444444444444,0.3704068141831221,0.0202020202020202,0.9092002405291643,0.1818181818181818
6,grabmyo_cal,patient27,72,117,936,True,41.295356035232544,0.8717948717948718,0.8707539353769677,1.0,0.8235294117647058,0.7887323943661971,0.6826923076923077,0.6391397717655989,0.927710843373494,0.779182156133829,0.2105263157894737
6,patient_only,patient28,72,117,936,True,0.34584808349609375,0.8205128205128205,0.8177275246646714,0.9600000000000001,0.7835051546391754,0.7096774193548387,0.8600427350427351,0.4874123096902865,0.375,0.9225310467179183,0.1647058823529412
6,grabmyo_cal,patient28,72,117,936,True,41.936591148376465,0.8205128205128205,0.8119434102310216,0.9743589743589743,0.7835051546391754,0.6779661016949152,0.8952991452991453,0.8230360024728166,0.9027777777777777,0.9398242055442867,0.6265060240963854
6,patient_only,patient29,72,117,936,True,0.37433314323425293,0.8632478632478633,0.8586956521739131,1.0,0.8260869565217391,0.7500000000000001,0.8931623931623932,0.7373105889976487,0.8241758241758242,0.9361430395913154,0.45161290322580644
6,grabmyo_cal,patient29,72,117,936,True,41.843241930007935,0.7008547008547008,0.6774765195817828,1.0,0.6464646464646464,0.38596491228070173,0.6613247863247863,0.6465978600929931,0.9454545454545454,0.7567152724481964,0.2376237623762376
6,patient_only,patient30,72,117,936,True,0.25897669792175293,0.905982905982906,0.9047143095119106,1.0,0.8735632183908045,0.8405797101449275,0.7638888888888888,0.631697725890264,0.6877828054298643,0.8451704545454545,0.36213991769547327
6,grabmyo_cal,patient30,72,117,936,True,41.516324043273926,0.7435897435897436,0.7435897435897436,1.0,0.6153846153846154,0.6153846153846154,0.4305555555555556,0.5328594652819382,1.0,0.5353095030514385,0.0632688927943761
6,patient_only,patient31,72,117,936,True,0.24055910110473633,0.6239316239316239,0.6040859520734682,0.625,0.7524752475247525,0.4347826086956522,0.8408119658119658,0.4590786428988071,0.44720496894409945,0.930030959752322,0.0
6,grabmyo_cal,patient31,72,117,936,True,42.20047998428345,0.7948717948717948,0.7825037545591075,0.7499999999999999,0.9873417721518987,0.6101694915254238,0.9155982905982906,0.7318014550538924,0.8,0.9657747355320474,0.42962962962962964
6,patient_only,patient32,72,117,936,True,0.2450580596923828,0.7521367521367521,0.7170504319871408,0.9873417721518987,0.7238095238095238,0.44000000000000006,0.8792735042735043,0.6469201881036554,0.9005847953216375,0.9290646578782172,0.1111111111111111
6,grabmyo_cal,patient32,72,117,936,True,42.038219690322876,0.7094017094017094,0.6412337662337663,1.0,0.6964285714285715,0.22727272727272727,0.8525641025641025,0.6747596517217401,0.9454545454545454,0.9110824742268041,0.16774193548387095
6,patient_only,patient33,72,117,936,True,0.344465970993042,0.6752136752136753,0.650405888936177,0.736842105263158,0.7238095238095238,0.4905660377358491,0.7852564102564102,0.44511002856573095,0.0,0.8785399622404028,0.4567901234567901
6,grabmyo_cal,patient33,72,117,936,True,30.26552987098694,0.6752136752136753,0.6651378415491318,0.9870129870129869,0.6021505376344085,0.40625000000000006,0.5726495726495726,0.5995341807247409,0.9341317365269461,0.6732026143790849,0.19126819126819128
6,patient_only,patient34,72,117,936,True,0.12366676330566406,0.7863247863247863,0.7650666016894087,0.962962962962963,0.7708333333333334,0.5614035087719298,0.9252136752136753,0.8430830583058305,0.7708333333333334,0.9584158415841583,0.8
6,grabmyo_cal,patient34,72,117,936,True,35.862457036972046,0.905982905982906,0.9059674502712478,1.0,0.8571428571428572,0.8607594936708861,0.6014957264957265,0.6410448852341419,0.951219512195122,0.6912133891213389,0.2807017543859649
6,patient_only,patient35,72,117,936,True,0.18329691886901855,0.5213675213675214,0.4824574040991952,0.5357142857142858,0.7027027027027027,0.208955223880597,0.7745726495726496,0.42882078892699543,0.2898550724637681,0.8854961832061069,0.11111111111111112
6,grabmyo_cal,patient35,72,117,936,True,29.17959499359131,0.5897435897435898,0.607905138339921,0.8,0.5454545454545455,0.4782608695652174,0.5010683760683761,0.46253848807519543,0.5257142857142857,0.6192541196877711,0.2426470588235294
6,patient_only,patient36,72,117,936,True,0.12147903442382812,0.6666666666666666,0.5803597712267126,0.9873417721518987,0.6607142857142857,0.09302325581395347,0.8344017094017094,0.4765432098765432,0.4444444444444444,0.9296296296296296,0.05555555555555555
6,grabmyo_cal,patient36,72,117,936,True,30.733699083328247,0.6410256410256411,0.5568181818181818,1.0,0.625,0.045454545454545456,0.6239316239316239,0.2787611757564534,0.0,0.808659217877095,0.027624309392265192
6,patient_only,patient37,72,117,936,True,0.1225130558013916,0.8974358974358975,0.8936897482155688,0.9069767441860465,0.9382716049382716,0.835820895522388,0.844017094017094,0.6787253230897132,0.6386554621848739,0.9114093959731544,0.48611111111111116
6,grabmyo_cal,patient37,72,117,936,True,32.01787495613098,0.9316239316239316,0.9308970099667774,1.0,0.8857142857142858,0.9069767441860465,0.5010683760683761,0.5789364173876858,1.0,0.6032285471537808,0.1335807050092764
6,patient_only,patient38,72,117,936,True,0.12221789360046387,0.6581196581196581,0.5580409356725146,0.975,0.6491228070175438,0.05,0.8322649572649573,0.5959356160709648,0.603448275862069,0.8986442866365396,0.2857142857142857
6,grabmyo_cal,patient38,72,117,936,True,31.55024528503418,0.6324786324786325,0.6319341563786008,1.0,0.4691358024691358,0.42666666666666664,0.5213675213675214,0.5731645859716232,0.9178082191780821,0.6297229219143576,0.17196261682242991
6,patient_only,patient39,72,117,936,True,0.19095587730407715,0.7094017094017094,0.6625262054507337,0.975,0.6792452830188679,0.3333333333333333,0.9188034188034188,0.714892270323042,0.974025974025974,0.953259532595326,0.21739130434782608
6,grabmyo_cal,patient39,72,117,936,True,30.60787081718445,0.7094017094017094,0.6664150943396226,1.0,0.6792452830188679,0.32,0.7318376068376068,0.6155742311897299,0.951219512195122,0.8265376641326884,0.06896551724137931
6,patient_only,patient40,72,117,936,True,0.12028861045837402,0.7606837606837606,0.7252830188679246,1.0,0.7358490566037735,0.44000000000000006,0.9401709401709402,0.8566852193210086,1.0,0.9644218551461244,0.6056338028169015
6,grabmyo_cal,patient40,72,117,936,True,28.54070281982422,0.7863247863247863,0.7618611467301704,1.0,0.7572815533980582,0.5283018867924528,0.9145299145299145,0.8311688311688311,1.0,0.948051948051948,0.5454545454545454
6,patient_only,patient41,72,117,936,True,0.1234896183013916,0.6324786324786325,0.5962252132491415,0.8529411764705882,0.6440677966101694,0.29166666666666663,0.8279914529914529,0.5167045564880072,0.6097560975609757,0.9026217228464419,0.03773584905660377
6,grabmyo_cal,patient41,72,117,936,True,28.265086889266968,0.7350427350427351,0.7174852438010332,0.9743589743589743,0.6868686868686869,0.49122807017543857,0.8055555555555556,0.6342589144882838,0.6122448979591837,0.8821548821548821,0.4083769633507853
6,patient_only,patient42,72,117,936,True,0.12790298461914062,0.9487179487179487,0.9484126984126985,1.0,0.9285714285714286,0.9166666666666666,0.844017094017094,0.5689582537079759,0.6812227074235807,0.9326287978863936,0.0930232558139535
6,grabmyo_cal,patient42,72,117,936,True,28.471294403076172,0.9230769230769231,0.9224523612261807,1.0,0.8732394366197183,0.8941176470588235,0.7083333333333334,0.687402045906761,0.9268292682926831,0.7963105303612605,0.3390663390663391
6,patient_only,patient43,72,117,936,True,0.16229486465454102,0.7521367521367521,0.7487550652331764,0.8857142857142858,0.7289719626168224,0.631578947368421,0.9284188034188035,0.8233862979139697,0.8405797101449275,0.958046336881653,0.6715328467153285
6,grabmyo_cal,patient43,72,117,936,True,28.405993223190308,0.6752136752136753,0.6038919340819187,0.18604651162790695,0.9473684210526315,0.6782608695652175,0.8525641025641025,0.722906848977897,0.7107438016528926,0.9287671232876713,0.5292096219931272
6,patient_only,patient44,72,117,936,True,0.12206006050109863,0.9572649572649573,0.9569780751215351,0.962962962962963,0.9620253164556962,0.945945945945946,0.9262820512820513,0.8359563645277931,0.8432432432432433,0.9571428571428571,0.7074829931972789
6,grabmyo_cal,patient44,72,117,936,True,28.222254753112793,0.7521367521367521,0.7487922705314011,1.0,0.5797101449275363,0.6666666666666667,0.49786324786324787,0.589161811540829,0.951219512195122,0.5711678832116789,0.2450980392156863
6,patient_only,patient45,72,117,936,True,0.12571191787719727,0.8205128205128205,0.8130798494701242,0.9135802469135802,0.8043478260869565,0.7213114754098361,0.8461538461538461,0.6791910793243252,0.7037037037037037,0.9147078576225653,0.4191616766467066
6,grabmyo_cal,patient45,72,117,936,True,28.256236791610718,0.8205128205128205,0.8115616911130283,1.0,0.7789473684210526,0.6557377049180326,0.8696581196581197,0.6955588517581363,1.0,0.9222929936305733,0.1643835616438356
6,patient_only,patient46,72,117,936,True,0.12454581260681152,0.7435897435897436,0.7056603773584905,1.0,0.7169811320754718,0.3999999999999999,0.8621794871794872,0.6555054844079075,0.5730337078651685,0.9340232858990944,0.45945945945945943
6,grabmyo_cal,patient46,72,117,936,True,28.532227039337158,0.8290598290598291,0.8286090969017798,1.0,0.7297297297297296,0.7560975609756098,0.6089743589743589,0.6367966877732946,0.9935483870967742,0.7085987261146497,0.2082429501084599
6,patient_only,patient47,72,117,936,True,0.1218099594116211,0.8632478632478633,0.8646383327234393,0.945945945945946,0.8297872340425533,0.8181818181818181,0.8803418803418803,0.5504645031344061,0.0,0.9381067961165048,0.7132867132867133
6,grabmyo_cal,patient47,72,117,936,True,28.33918309211731,0.8974358974358975,0.8949494949494948,1.0,0.8181818181818181,0.8666666666666666,0.5256410256410257,0.3940864103674138,0.2444444444444444,0.6510500807754442,0.2867647058823529
6,patient_only,patient48,72,117,0,False,0.1269240379333496,0.6666666666666666,0.5853140570121702,0.7169811320754718,0.8571428571428571,0.18181818181818182,,,,,
6,grabmyo_cal,patient48,72,117,0,False,28.212116956710815,0.7008547008547008,0.6443185824604502,0.7358490566037735,0.9113924050632911,0.2857142857142857,,,,,
12,patient_only,patient1,144,117,936,True,0.19080424308776855,0.8034188034188035,0.7846984698469847,1.0,0.7722772277227723,0.5818181818181819,0.9391025641025641,0.8920121449970136,0.9873417721518987,0.9623265036351619,0.72636815920398
12,grabmyo_cal,patient1,144,117,936,True,28.632436990737915,0.8461538461538461,0.8424242424242426,1.0,0.8000000000000002,0.7272727272727274,0.7446581196581197,0.7017941474800136,1.0,0.8274368231046932,0.27794561933534745
12,patient_only,patient2,144,117,936,True,0.14876914024353027,0.8461538461538461,0.8410326086956522,1.0,0.8043478260869565,0.71875,0.8098290598290598,0.37265792705729606,0.12048192771084336,0.9343339587242027,0.06315789473684211
12,grabmyo_cal,patient2,144,117,936,True,34.61815619468689,0.8376068376068376,0.8313705410479604,1.0,0.7956989247311828,0.6984126984126983,0.7649572649572649,0.6193022356866656,0.9873417721518987,0.8525469168900803,0.018018018018018018
12,patient_only,patient3,144,117,936,True,0.18094611167907715,0.7948717948717948,0.7778456837280366,0.9870129870129869,0.7647058823529412,0.5818181818181819,0.8985042735042735,0.6233218765606181,0.9285714285714286,0.9413942011104256,0.0
12,grabmyo_cal,patient3,144,117,936,True,28.291048049926758,0.6581196581196581,0.6431022649279341,1.0,0.5744680851063829,0.3548387096774194,0.592948717948718,0.611652410228994,0.9241379310344827,0.702485966319166,0.20833333333333331
12,patient_only,patient4,144,117,936,True,0.1439502239227295,0.905982905982906,0.9040751299681368,1.0,0.8764044943820225,0.835820895522388,0.2168803418803419,0.25945983395931543,0.4785276073619632,0.22645739910313903,0.07339449541284403
12,grabmyo_cal,patient4,144,117,936,True,30.05224084854126,0.8888888888888888,0.8873896385140764,1.0,0.8505747126436781,0.8115942028985509,0.4113247863247863,0.524428758319841,1.0,0.5119574844995572,0.061328790459965914
12,patient_only,patient5,144,117,936,True,0.14788508415222168,0.6666666666666666,0.6084820810848208,0.9315068493150686,0.6666666666666666,0.22727272727272727,0.6271367521367521,0.25694900415845917,0.0,0.7708470124753776,0.0
12,grabmyo_cal,patient5,144,117,936,True,28.35303282737732,0.7350427350427351,0.6989729225023341,1.0,0.7047619047619047,0.392156862745098,0.6196581196581197,0.5744402052432035,0.9685534591194969,0.7380073800738007,0.01675977653631285
12,patient_only,patient6,144,117,936,True,0.16740798950195312,0.6495726495726496,0.5663230354765506,0.945945945945946,0.6554621848739496,0.09756097560975609,0.9006410256410257,0.6579566822981173,0.8732394366197183,0.9433272394881169,0.15730337078651685
12,grabmyo_cal,patient6,144,117,936,True,30.248355865478516,0.8461538461538461,0.8461538461538461,1.0,0.7692307692307693,0.7692307692307693,0.6581196581196581,0.6587021372574419,0.923076923076923,0.7460317460317459,0.30699774266365687
12,patient_only,patient7,144,117,936,True,0.16578292846679688,0.8888888888888888,0.886634244507798,1.0,0.853932584269663,0.8059701492537313,0.9102564102564102,0.8109719737626714,0.8205128205128205,0.9457364341085271,0.6666666666666666
12,grabmyo_cal,patient7,144,117,936,True,28.532952070236206,0.8803418803418803,0.8796296296296297,1.0,0.8055555555555556,0.8333333333333333,0.7297008547008547,0.6444442774793276,0.9005847953216375,0.8194147037830122,0.21333333333333335
12,patient_only,patient8,144,117,936,True,0.14761614799499512,0.9743589743589743,0.9743547591648859,0.9610389610389611,0.9620253164556962,1.0,0.8237179487179487,0.7608272696546954,0.9536423841059603,0.8851774530271399,0.44366197183098594
12,grabmyo_cal,patient8,144,117,936,True,28.910017013549805,0.9572649572649573,0.9572579319414762,1.0,0.9367088607594937,0.935064935064935,0.7905982905982906,0.4527369092187066,0.20689655172413793,0.9169391759319817,0.234375
12,patient_only,patient9,144,117,936,True,0.15495824813842773,0.8803418803418803,0.8796296296296297,1.0,0.8333333333333333,0.8055555555555556,0.7735042735042735,0.33927840651205016,0.14678899082568808,0.8710462287104623,0.0
12,grabmyo_cal,patient9,144,117,936,True,28.61762309074402,0.9572649572649573,0.9570886284865491,1.0,0.9315068493150686,0.9397590361445783,0.8557692307692307,0.6430337966836629,1.0,0.9145028499050033,0.014598540145985401
12,patient_only,patient10,144,117,936,True,0.16437506675720215,0.5811965811965812,0.5557131100137906,0.375,0.6141732283464567,0.6779661016949152,0.8450854700854701,0.5583987944865488,0.5797101449275363,0.912,0.18348623853211007
12,grabmyo_cal,patient10,144,117,936,True,29.839825868606567,0.6495726495726496,0.5933625786763302,1.0,0.616822429906542,0.163265306122449,0.6506410256410257,0.5973494571428368,0.9870129870129869,0.7639796659404502,0.04105571847507331
12,patient_only,patient11,144,117,936,True,0.15647506713867188,0.8974358974358975,0.8955281214211283,0.8764044943820225,0.9743589743589743,0.835820895522388,0.8739316239316239,0.6101501725814592,0.018867924528301886,0.9295950155763241,0.8819875776397516
12,grabmyo_cal,patient11,144,117,936,True,28.46845006942749,0.7777777777777778,0.7545388525780683,1.0,0.7450980392156863,0.5185185185185185,0.7243589743589743,0.4500240624155803,0.13333333333333336,0.8467966573816156,0.3699421965317919
12,patient_only,patient12,144,117,936,True,0.1374349594116211,0.9743589743589743,0.9745533868340885,0.962962962962963,0.9870129870129869,0.9736842105263158,0.8824786324786325,0.6564253057321765,0.9668874172185431,0.9315920398009951,0.07079646017699115
12,grabmyo_cal,patient12,144,117,936,True,28.311414003372192,0.8547008547008547,0.8474547023295944,1.0,0.8210526315789474,0.7213114754098361,0.9316239316239316,0.7549796530306275,1.0,0.960591133004926,0.30434782608695654
12,patient_only,patient13,144,117,936,True,0.14481115341186523,0.9658119658119658,0.965721819380356,0.951219512195122,0.945945945945946,1.0,0.7863247863247863,0.32245168210291564,0.0,0.8898356664637856,0.07751937984496124
12,grabmyo_cal,patient13,144,117,936,True,28.305902242660522,1.0,1.0,1.0,1.0,1.0,0.37606837606837606,0.2129319955406912,0.0,0.5384615384615384,0.10033444816053512
12,patient_only,patient14,144,117,936,True,0.16130900382995605,0.7521367521367521,0.7250000000000001,0.975,0.7272727272727274,0.4727272727272727,0.8141025641025641,0.4146455970434561,0.16842105263157894,0.8995157384987894,0.17600000000000002
12,grabmyo_cal,patient14,144,117,936,True,28.301539659500122,0.6923076923076923,0.6477850399419027,0.962962962962963,0.6666666666666666,0.31372549019607837,0.8215811965811965,0.6391696412216249,0.9673202614379085,0.8920491273432449,0.058139534883720936
12,patient_only,patient15,144,117,0,False,0.14908885955810547,0.9658119658119658,0.965721819380356,1.0,0.951219512195122,0.945945945945946,,,,,
12,grabmyo_cal,patient15,144,117,0,False,28.263174057006836,0.9914529914529915,0.9914515863882952,1.0,0.9870129870129869,0.9873417721518987,,,,,
12,patient_only,patient16,144,117,936,True,0.1552438735961914,0.9743589743589743,0.9743547591648859,1.0,0.9620253164556962,0.9610389610389611,0.9455128205128205,0.8871142857974507,0.8478260869565216,0.9673629242819843,0.8461538461538461
12,grabmyo_cal,patient16,144,117,936,True,28.284120082855225,0.9572649572649573,0.9570886284865491,1.0,0.9397590361445783,0.9315068493150686,0.9658119658119658,0.9112232030264819,1.0,0.9798234552332914,0.7538461538461538
12,patient_only,patient17,144,117,936,True,0.16555500030517578,0.8888888888888888,0.884786367357688,0.8863636363636364,0.9620253164556962,0.8059701492537313,0.7959401709401709,0.6570880865851337,0.6265060240963854,0.8768683274021352,0.46788990825688076
12,grabmyo_cal,patient17,144,117,936,True,28.45979404449463,0.7948717948717948,0.7898989898989899,1.0,0.7333333333333334,0.6363636363636364,0.592948717948718,0.6233167114621773,1.0,0.696414342629482,0.1735357917570499
12,patient_only,patient18,144,117,936,True,0.2715728282928467,0.7948717948717948,0.7863308011091261,0.9487179487179487,0.7551020408163266,0.6551724137931034,0.7927350427350427,0.4624492614488067,0.48148148148148145,0.9058663028649387,0.0
12,grabmyo_cal,patient18,144,117,936,True,28.232633113861084,0.8205128205128205,0.8111818755948516,0.9736842105263158,0.8041237113402061,0.6557377049180326,0.7938034188034188,0.5540330741856786,0.6517857142857143,0.9010238907849829,0.1092896174863388
12,patient_only,patient19,144,117,936,True,0.1809830665588379,0.7008547008547008,0.6193667945605931,0.962962962962963,0.7090909090909091,0.18604651162790695,0.7510683760683761,0.3402770410827094,0.10457516339869281,0.8682559598494354,0.048
12,grabmyo_cal,patient19,144,117,936,True,28.49500823020935,0.8034188034188035,0.7958696023212152,1.0,0.7526881720430108,0.6349206349206349,0.7905982905982906,0.4045493613111644,0.1956521739130435,0.8846625766871165,0.13333333333333333
12,patient_only,patient20,144,117,936,True,0.1625521183013916,0.7521367521367521,0.7123784093076483,1.0,0.7289719626168224,0.4081632653061224,0.8685897435897436,0.6085872767174094,0.8432432432432433,0.9248262792166773,0.05769230769230769
12,grabmyo_cal,patient20,144,117,936,True,28.282582998275757,0.8547008547008547,0.8505494505494505,1.0,0.8131868131868132,0.7384615384615384,0.7767094017094017,0.6965316965316966,1.0,0.8551628551628552,0.23443223443223443
12,patient_only,patient21,144,117,896,True,0.13254785537719727,0.8632478632478633,0.8603535353535353,0.975,0.8181818181818182,0.7878787878787878,0.36049107142857145,0.3540022370520232,0.27416520210896306,0.40688912809472555,0.38095238095238093
12,grabmyo_cal,patient21,144,117,896,True,28.131307125091553,0.8290598290598291,0.8194444444444443,1.0,0.7916666666666666,0.6666666666666666,0.34263392857142855,0.5158977883413037,1.0,0.3404255319148936,0.20726783310901753
12,patient_only,patient22,144,117,936,True,0.1559150218963623,0.8632478632478633,0.8584444968594666,0.9873417721518987,0.8260869565217391,0.761904761904762,0.9850427350427351,0.9667093469910372,1.0,0.9910371318822023,0.9090909090909091
12,grabmyo_cal,patient22,144,117,936,True,28.26149606704712,0.9316239316239316,0.9308970099667774,1.0,0.8857142857142858,0.9069767441860465,0.6805555555555556,0.6569667150019066,0.8444444444444443,0.7813229571984437,0.3451327433628319
12,patient_only,patient23,144,117,936,True,0.16799378395080566,0.9145299145299145,0.9131016042780749,1.0,0.8863636363636364,0.8529411764705882,0.9273504273504274,0.781649252396435,0.9873417721518987,0.9576059850374065,0.4
12,grabmyo_cal,patient23,144,117,936,True,28.358105897903442,0.9572649572649573,0.9570886284865491,1.0,0.9397590361445783,0.9315068493150686,0.9294871794871795,0.8104824757276469,0.9689440993788819,0.9584382871536523,0.5040650406504065
12,patient_only,patient24,144,117,936,True,0.1673750877380371,0.905982905982906,0.9055949826704076,1.0,0.8674698795180724,0.8493150684931507,0.8290598290598291,0.30218068535825543,0.0,0.9065420560747662,0.0
12,grabmyo_cal,patient24,144,117,936,True,28.318437814712524,0.7777777777777778,0.7687811960352944,0.9870129870129869,0.7291666666666667,0.5901639344262295,0.7916666666666666,0.3157211903335331,0.0,0.8831635710005992,0.064
12,patient_only,patient25,144,117,936,True,0.26632094383239746,0.6837606837606838,0.6092377260981912,0.975,0.6666666666666666,0.18604651162790695,0.9006410256410257,0.5993788819875776,0.8478260869565216,0.9503105590062112,0.0
12,grabmyo_cal,patient25,144,117,936,True,28.521281003952026,0.6581196581196581,0.5517241379310345,1.0,0.6551724137931034,0.0,0.8247863247863247,0.6392887904515812,1.0,0.8940568475452196,0.023809523809523808
12,patient_only,patient26,144,117,936,True,0.14972329139709473,0.7350427350427351,0.6853406207300411,1.0,0.7155963302752294,0.3404255319148936,0.5128205128205128,0.4551334838680538,0.49327354260089684,0.6161616161616161,0.2559652928416486
12,grabmyo_cal,patient26,144,117,936,True,28.398422956466675,0.6837606837606838,0.6148148148148148,1.0,0.6666666666666666,0.17777777777777778,0.8782051282051282,0.7470173463372963,0.9554140127388535,0.9263565891472868,0.35928143712574856
12,patient_only,patient27,144,117,936,True,0.1644883155822754,0.6324786324786325,0.5735480927816963,0.8857142857142858,0.6610169491525424,0.17391304347826086,0.8397435897435898,0.421342476323378,0.15053763440860216,0.9112426035502958,0.20224719101123595
12,grabmyo_cal,patient27,144,117,936,True,28.45354700088501,0.9572649572649573,0.9572016460905349,1.0,0.9382716049382716,0.9333333333333333,0.8482905982905983,0.7493620147566786,0.9454545454545454,0.9044414535666219,0.39819004524886875
12,patient_only,patient28,144,117,936,True,0.15984010696411133,0.9658119658119658,0.965721819380356,1.0,0.951219512195122,0.945945945945946,0.8835470085470085,0.6130300863248931,0.5818181818181819,0.9346914319952068,0.32258064516129037
12,grabmyo_cal,patient28,144,117,936,True,28.457454919815063,0.8974358974358975,0.8965001830673472,0.9870129870129869,0.8666666666666666,0.835820895522388,0.9006410256410257,0.8275379410978334,0.9027777777777777,0.9434724091520862,0.6363636363636364
12,patient_only,patient29,144,117,936,True,0.1590111255645752,0.8461538461538461,0.8375,1.0,0.8125000000000001,0.7000000000000001,0.8664529914529915,0.6349415449696612,0.7938144329896908,0.9205340114431023,0.19047619047619047
12,grabmyo_cal,patient29,144,117,936,True,28.3301260471344,0.7521367521367521,0.7285328532853286,1.0,0.7128712871287128,0.4727272727272727,0.7638888888888888,0.6951727956860535,0.9192546583850931,0.8436830835117772,0.3225806451612903
12,patient_only,patient30,144,117,936,True,0.13724422454833984,0.8376068376068376,0.827363271011707,1.0,0.8041237113402061,0.6779661016949152,0.6912393162393162,0.5009950616675295,0.3844011142061281,0.8,0.3185840707964602
12,grabmyo_cal,patient30,144,117,936,True,28.520270109176636,0.7692307692307693,0.7688888888888888,1.0,0.6666666666666666,0.64,0.5074786324786325,0.568817195509807,1.0,0.6193228736581339,0.08712871287128712
12,patient_only,patient31,144,117,936,True,0.15229177474975586,0.8290598290598291,0.8292756846973713,0.7297297297297296,0.9870129870129869,0.7710843373493976,0.9209401709401709,0.723529244085589,0.8263473053892216,0.9692404268675455,0.375
12,grabmyo_cal,patient31,144,117,936,True,28.177595138549805,0.8205128205128205,0.8155149198627459,0.7826086956521738,0.9870129870129869,0.676923076923077,0.905982905982906,0.6867273841287802,0.7107438016528926,0.9664596273291925,0.3829787234042554
12,patient_only,patient32,144,117,936,True,0.1736431121826172,0.7948717948717948,0.7734204793028322,1.0,0.7647058823529412,0.5555555555555556,0.8878205128205128,0.6971061760414977,0.9806451612903225,0.9346733668341708,0.17600000000000002
12,grabmyo_cal,patient32,144,117,936,True,28.357264280319214,0.717948717948718,0.66504001561585,1.0,0.6972477064220183,0.2978723404255319,0.8482905982905983,0.6440610928562736,0.9397590361445783,0.9090909090909091,0.08333333333333334
12,patient_only,patient33,144,117,936,True,0.17440080642700195,0.7692307692307693,0.7555285272003539,0.8947368421052632,0.7647058823529412,0.6071428571428571,0.8279914529914529,0.5104931041530124,0.06896551724137932,0.9025137952176578,0.56
12,grabmyo_cal,patient33,144,117,936,True,28.24552583694458,0.6410256410256411,0.6299675906530745,0.9870129870129869,0.5591397849462365,0.34375,0.6858974358974359,0.6475898845010115,0.8914285714285715,0.7769347496206374,0.27440633245382584
12,patient_only,patient34,144,117,936,True,0.16428875923156738,0.8803418803418803,0.8783422459893048,1.0,0.8409090909090908,0.7941176470588235,0.9113247863247863,0.8313713336012202,0.9090909090909091,0.9482071713147411,0.63681592039801
12,grabmyo_cal,patient34,144,117,936,True,28.3290798664093,0.9572649572649573,0.9572579319414762,1.0,0.9367088607594937,0.935064935064935,0.75,0.7259923861364417,0.9570552147239264,0.8261851015801355,0.39473684210526316
12,patient_only,patient35,144,117,936,True,0.15073895454406738,0.7264957264957265,0.7060236511456024,0.7317073170731708,0.8863636363636364,0.5,0.8493589743589743,0.6541310752972873,0.5685279187817259,0.925510876730389,0.46835443037974683
12,grabmyo_cal,patient35,144,117,936,True,28.19751501083374,0.7264957264957265,0.7220218184073607,0.7792207792207793,0.8192771084337349,0.5675675675675675,0.7542735042735043,0.6195186488388459,0.5615763546798029,0.848,0.44897959183673475
12,patient_only,patient36,144,117,936,True,0.14818620681762695,0.6410256410256411,0.543859649122807,1.0,0.631578947368421,0.0,0.7467948717948718,0.35663966017328214,0.1415929203539823,0.8916288124594419,0.03669724770642202
12,grabmyo_cal,patient36,144,117,936,True,28.115039825439453,0.6410256410256411,0.5683794466403161,1.0,0.6181818181818182,0.08695652173913043,0.7254273504273504,0.3043728996219834,0.0,0.8829300196206671,0.03018867924528302
12,patient_only,patient37,144,117,936,True,0.36884307861328125,0.9829059829059829,0.9828947368421054,1.0,0.975,0.9736842105263158,0.8643162393162394,0.820870495809281,1.0,0.9113747383112352,0.5512367491166078
12,grabmyo_cal,patient37,144,117,936,True,28.157876014709473,0.9829059829059829,0.9828947368421054,1.0,0.9736842105263158,0.975,0.5705128205128205,0.5734099156259044,1.0,0.6912442396313364,0.028985507246376815
12,patient_only,patient38,144,117,936,True,0.14870905876159668,0.9230769230769231,0.9223912349750026,0.9873417721518987,0.8941176470588235,0.8857142857142858,0.8835470085470085,0.8008683761537214,0.6610169491525424,0.9263015551048005,0.8152866242038216
12,grabmyo_cal,patient38,144,117,936,True,28.137534141540527,0.7435897435897436,0.7393048128342246,1.0,0.6590909090909091,0.5588235294117647,0.6688034188034188,0.6627885878677781,0.9685534591194969,0.7619047619047619,0.25790754257907544
12,patient_only,patient39,144,117,936,True,0.1496562957763672,0.8803418803418803,0.8783422459893048,1.0,0.8409090909090908,0.7941176470588235,0.9273504273504274,0.7680246749212266,0.945945945945946,0.958128078817734,0.3999999999999999
12,grabmyo_cal,patient39,144,117,936,True,28.097041130065918,0.7863247863247863,0.7781191329578426,1.0,0.7311827956989246,0.6031746031746031,0.8504273504273504,0.6915320451905819,0.951219512195122,0.9090909090909091,0.21428571428571427
12,patient_only,patient40,144,117,936,True,0.1528468132019043,0.8803418803418803,0.8763586956521738,1.0,0.8478260869565216,0.7812500000000001,0.9519230769230769,0.8729367453195968,0.9803921568627451,0.9717514124293786,0.6666666666666667
12,grabmyo_cal,patient40,144,117,936,True,28.610249996185303,0.8205128205128205,0.8064859117490698,1.0,0.787878787878788,0.631578947368421,0.9519230769230769,0.8855689764780674,1.0,0.9713922441195169,0.6853146853146853
12,patient_only,patient41,144,117,936,True,0.1696488857269287,0.717948717948718,0.6777648993937379,0.9743589743589743,0.6915887850467289,0.3673469387755102,0.8290598290598291,0.5464639615684607,0.7395833333333334,0.8998085513720486,0.0
12,grabmyo_cal,patient41,144,117,936,True,28.282349109649658,0.7094017094017094,0.688296596191333,0.9473684210526315,0.673076923076923,0.4444444444444444,0.8514957264957265,0.6756328779244565,0.6162790697674418,0.913804277381724,0.4968152866242039
12,patient_only,patient42,144,117,936,True,0.13605117797851562,0.9914529914529915,0.9914515863882952,1.0,0.9873417721518987,0.9870129870129869,0.8108974358974359,0.5946216197296991,0.6473029045643154,0.9166666666666666,0.2198952879581152
12,grabmyo_cal,patient42,144,117,936,True,28.242363929748535,0.9487179487179487,0.9484126984126983,1.0,0.9166666666666666,0.9285714285714286,0.7115384615384616,0.6812462368644083,0.9069767441860465,0.8009223674096849,0.3358395989974937
12,patient_only,patient43,144,117,936,True,0.15677380561828613,0.8974358974358975,0.898743961352657,0.9600000000000001,0.8666666666666666,0.8695652173913044,0.9305555555555556,0.8487813498503542,0.8321167883211679,0.9584133077415227,0.7558139534883721
12,grabmyo_cal,patient43,144,117,936,True,28.251522064208984,0.8461538461538461,0.8389076937825859,0.7213114754098361,0.9743589743589743,0.8210526315789474,0.8803418803418803,0.7586512784359352,0.761904761904762,0.9448183041722745,0.5692307692307692
12,patient_only,patient44,144,117,936,True,0.13326001167297363,0.9658119658119658,0.96589537817608,0.962962962962963,0.9736842105263158,0.9610389610389611,0.8899572649572649,0.7792427675558393,0.7722772277227723,0.9325396825396826,0.6329113924050633
12,grabmyo_cal,patient44,144,117,936,True,28.131535053253174,0.8888888888888888,0.887986743993372,1.0,0.8169014084507042,0.8470588235294118,0.6314102564102564,0.6612329717317157,0.951219512195122,0.7160493827160493,0.31643002028397565
12,patient_only,patient45,144,117,936,True,0.17171978950500488,0.905982905982906,0.9060622154242702,0.9743589743589743,0.8705882352941177,0.8732394366197183,0.8557692307692307,0.7260058176240346,0.8041237113402061,0.9115281501340483,0.46236559139784944
12,grabmyo_cal,patient45,144,117,936,True,28.09551692008972,0.8461538461538461,0.839054628619869,0.9873417721518987,0.8085106382978723,0.7213114754098361,0.8664529914529915,0.7265178260653373,1.0,0.9191984486102133,0.2603550295857988
12,patient_only,patient46,144,117,936,True,0.25672101974487305,0.7350427350427351,0.692542437535762,1.0,0.7102803738317757,0.3673469387755102,0.9262820512820513,0.831727473303698,0.8478260869565216,0.9556270096463022,0.6917293233082706
12,grabmyo_cal,patient46,144,117,936,True,28.065038681030273,0.8717948717948718,0.8712658854596468,1.0,0.8192771084337349,0.7945205479452054,0.7158119658119658,0.6968528096782678,1.0,0.8017883755588675,0.2887700534759358
12,patient_only,patient47,144,117,936,True,0.19507789611816406,0.9401709401709402,0.9411976682564918,0.945945945945946,0.9176470588235294,0.9600000000000001,0.8995726495726496,0.6117586669825475,0.07142857142857144,0.9527363184079601,0.8111111111111112
12,grabmyo_cal,patient47,144,117,936,True,28.062268018722534,0.9487179487179487,0.9484126984126983,1.0,0.9166666666666666,0.9285714285714286,0.6826923076923077,0.41715443373982053,0.07317073170731708,0.8092152627789776,0.3690773067331671
12,patient_only,patient48,144,117,0,False,0.1464829444885254,0.7948717948717948,0.7861536745845878,0.7755102040816326,0.9600000000000001,0.6229508196721312,,,,,
12,grabmyo_cal,patient48,144,117,0,False,28.0761661529541,0.7948717948717948,0.7905336493571787,0.7912087912087913,0.9333333333333333,0.6470588235294118,,,,,
24,patient_only,patient1,288,117,936,True,0.25092315673828125,0.7948717948717948,0.7771428571428571,1.0,0.76,0.5714285714285713,0.9155982905982906,0.7280108824538488,1.0,0.9510229386236825,0.2330097087378641
24,grabmyo_cal,patient1,288,117,936,True,28.4399197101593,0.8290598290598291,0.8215511324639669,1.0,0.7872340425531915,0.6774193548387096,0.8408119658119658,0.7682226724501312,1.0,0.8982935153583618,0.4063745019920319
24,patient_only,patient2,288,117,936,True,0.20925474166870117,0.7350427350427351,0.6989729225023341,1.0,0.7047619047619047,0.392156862745098,0.8237179487179487,0.4498062419042723,0.3917525773195876,0.933997509339975,0.02366863905325444
24,grabmyo_cal,patient2,288,117,936,True,28.234899044036865,0.7094017094017094,0.6664150943396226,1.0,0.6792452830188679,0.32,0.7938034188034188,0.5807439989473485,0.8550724637681159,0.8871595330739299,0.0
24,patient_only,patient3,288,117,936,True,0.2394099235534668,0.6581196581196581,0.547504728648334,0.9873417721518987,0.6551724137931034,0.0,0.8867521367521367,0.6384311887183093,0.9811320754716981,0.9341614906832297,0.0
24,grabmyo_cal,patient3,288,117,936,True,28.366011142730713,0.6923076923076923,0.6657142857142858,1.0,0.64,0.35714285714285715,0.7286324786324786,0.6115428526084797,0.945945945945946,0.8285322359396433,0.06015037593984962
24,patient_only,patient4,288,117,936,True,0.24462223052978516,0.8803418803418803,0.8763586956521738,1.0,0.8478260869565216,0.7812500000000001,0.34935897435897434,0.4847982441480228,1.0,0.4478694469628286,0.0065252854812398045
24,grabmyo_cal,patient4,288,117,936,True,28.29520010948181,0.9316239316239316,0.9312169312169312,1.0,0.9047619047619048,0.8888888888888888,0.6634615384615384,0.6157184750733138,1.0,0.7709090909090909,0.07624633431085043
24,patient_only,patient5,288,117,936,True,0.23278117179870605,0.8888888888888888,0.8873896385140764,1.0,0.8505747126436781,0.8115942028985509,0.6217948717948718,0.569677401701918,0.9689440993788819,0.7400881057268723,0.0
24,grabmyo_cal,patient5,288,117,936,True,28.151652097702026,0.9145299145299145,0.9136212624584719,1.0,0.8837209302325582,0.8571428571428572,0.6645299145299145,0.5877107575578092,0.975,0.7753934191702431,0.012738853503184714
24,patient_only,patient6,288,117,936,True,0.2553269863128662,0.7863247863247863,0.7618611467301704,1.0,0.7572815533980582,0.5283018867924528,0.9294871794871795,0.7826147042564954,1.0,0.9589552238805971,0.3888888888888889
24,grabmyo_cal,patient6,288,117,936,True,29.771644115447998,0.8376068376068376,0.836288318144159,1.0,0.776470588235294,0.7323943661971831,0.7670940170940171,0.7256172999239457,0.962962962962963,0.8411078717201166,0.3727810650887574
24,patient_only,patient7,288,117,936,True,0.22751307487487793,0.9487179487179487,0.9494005283478968,0.9736842105263158,0.9285714285714286,0.945945945945946,0.9326923076923077,0.8662126948005167,0.8648648648648648,0.958904109589041,0.774869109947644
24,grabmyo_cal,patient7,288,117,936,True,28.3782479763031,0.8461538461538461,0.8424242424242426,1.0,0.8000000000000002,0.7272727272727274,0.8311965811965812,0.7213730611947989,0.8901734104046243,0.8934147997284453,0.3805309734513274
24,patient_only,patient8,288,117,936,True,0.19338178634643555,0.9914529914529915,0.9914515863882952,1.0,0.9870129870129869,0.9873417721518987,0.842948717948718,0.7799648818885275,1.0,0.8988300068823124,0.44106463878327007
24,grabmyo_cal,patient8,288,117,936,True,28.65504002571106,0.9914529914529915,0.9914515863882952,1.0,0.9870129870129869,0.9873417721518987,0.8664529914529915,0.7091710321435539,0.7716535433070866,0.9372549019607843,0.4186046511627907
24,patient_only,patient9,288,117,936,True,0.25972700119018555,0.9316239316239316,0.9308970099667774,1.0,0.9069767441860465,0.8857142857142858,0.9166666666666666,0.6591075794621026,1.0,0.952322738386308,0.025
24,grabmyo_cal,patient9,288,117,936,True,28.405382871627808,0.9487179487179487,0.9486842105263157,1.0,0.9249999999999999,0.9210526315789475,0.8878205128205128,0.6571193688164738,1.0,0.9346608587429993,0.03669724770642202
24,patient_only,patient10,288,117,936,True,0.25795698165893555,0.8205128205128205,0.8064859117490698,1.0,0.787878787878788,0.631578947368421,0.9241452991452992,0.7413956687022026,1.0,0.9561457689932056,0.26804123711340205
24,grabmyo_cal,patient10,288,117,936,True,28.332889795303345,0.6923076923076923,0.638888888888889,1.0,0.6666666666666667,0.25,0.8183760683760684,0.656394841144425,0.9935483870967742,0.8896146309601568,0.08602150537634408
24,patient_only,patient11,288,117,936,True,0.22574520111083984,0.7264957264957265,0.6790123456790124,1.0,0.7037037037037037,0.3333333333333333,0.8942307692307693,0.6134928124851706,0.04938271604938271,0.9397443700547778,0.8513513513513514
24,grabmyo_cal,patient11,288,117,936,True,28.199536085128784,0.7094017094017094,0.6589506172839507,1.0,0.6851851851851853,0.29166666666666663,0.7617521367521367,0.4435418523511274,0.05,0.8876636802205375,0.3929618768328446
24,patient_only,patient12,288,117,936,True,0.20708012580871582,0.9829059829059829,0.9828947368421054,1.0,0.975,0.9736842105263158,0.8653846153846154,0.5484398060299388,0.47058823529411764,0.9247311827956989,0.25
24,grabmyo_cal,patient12,288,117,936,True,28.098018169403076,0.8461538461538461,0.8375,1.0,0.8125000000000001,0.7000000000000001,0.9337606837606838,0.7719650205761317,1.0,0.9617283950617285,0.35416666666666674
24,patient_only,patient13,288,117,936,True,0.20406389236450195,0.9914529914529915,0.9914515863882952,0.9873417721518987,0.9870129870129869,1.0,0.5363247863247863,0.23273064441353733,0.0,0.698191933240612,0.0
24,grabmyo_cal,patient13,288,117,936,True,28.782201051712036,1.0,1.0,1.0,1.0,1.0,0.41346153846153844,0.20945267211691979,0.0,0.5895230648944487,0.038834951456310676
24,patient_only,patient14,288,117,936,True,0.2761261463165283,0.7350427350427351,0.7094791082881873,0.9249999999999999,0.7128712871287128,0.4905660377358491,0.8493589743589743,0.4574367175434883,0.45544554455445546,0.9168646080760094,0.0
24,grabmyo_cal,patient14,288,117,936,True,28.321747064590454,0.7094017094017094,0.6606004225051844,0.962962962962963,0.6923076923076924,0.326530612244898,0.8482905982905983,0.5739072938993971,0.8091603053435115,0.9125615763546797,0.0
24,patient_only,patient15,288,117,0,False,0.19246268272399902,0.9743589743589743,0.9743209876543211,1.0,0.962962962962963,0.9600000000000001,,,,,
24,grabmyo_cal,patient15,288,117,0,False,28.43916893005371,0.9829059829059829,0.9828947368421054,1.0,0.9736842105263158,0.975,,,,,
24,patient_only,patient16,288,117,936,True,0.35401010513305664,0.9316239316239316,0.9308970099667774,1.0,0.9069767441860465,0.8857142857142858,0.9711538461538461,0.9349567564937059,0.9454545454545454,0.982703395259449,0.8767123287671232
24,grabmyo_cal,patient16,288,117,936,True,28.20736312866211,0.9401709401709402,0.9396851698425849,1.0,0.9176470588235294,0.9014084507042254,0.9722222222222222,0.9345151035172267,0.962962962962963,0.98343949044586,0.8571428571428572
24,patient_only,patient17,288,117,936,True,0.25100278854370117,1.0,1.0,1.0,1.0,1.0,0.8760683760683761,0.8165145733089983,1.0,0.9210884353741497,0.5284552845528455
24,grabmyo_cal,patient17,288,117,936,True,28.488628387451172,0.9487179487179487,0.9486842105263157,1.0,0.9210526315789475,0.9249999999999999,0.6923076923076923,0.6953846153846154,1.0,0.7784615384615385,0.30769230769230765
24,patient_only,patient18,288,117,936,True,0.23784208297729492,0.8888888888888888,0.8871486321867609,0.9873417721518987,0.8505747126436781,0.8235294117647058,0.8226495726495726,0.4784851621808143,0.4952380952380952,0.9402173913043478,0.0
24,grabmyo_cal,patient18,288,117,936,True,28.302801847457886,0.7692307692307693,0.7482810800586371,0.9736842105263158,0.7428571428571429,0.5283018867924528,0.7948717948717948,0.5512222465155644,0.6753246753246753,0.8959891230455472,0.08235294117647059
24,patient_only,patient19,288,117,936,True,0.4996988773345947,0.8717948717948718,0.8668714797747056,1.0,0.8387096774193548,0.761904761904762,0.7467948717948718,0.6039447513722341,0.7391304347826088,0.8579387186629527,0.21476510067114093
24,grabmyo_cal,patient19,288,117,936,True,28.451799154281616,0.8803418803418803,0.8774410774410774,1.0,0.8444444444444443,0.7878787878787878,0.8194444444444444,0.5492868666005171,0.6290322580645161,0.9026993094789705,0.11612903225806452
24,patient_only,patient20,288,117,936,True,0.2560908794403076,0.8290598290598291,0.817030260380014,1.0,0.7959183673469388,0.6551724137931034,0.8952991452991453,0.7144254175579468,0.9570552147239264,0.938287153652393,0.24793388429752067
24,grabmyo_cal,patient20,288,117,936,True,29.32810091972351,0.9658119658119658,0.965721819380356,1.0,0.951219512195122,0.945945945945946,0.8279914529914529,0.7295571811595692,1.0,0.8917283120376598,0.296943231441048
24,patient_only,patient21,288,117,896,True,0.4302070140838623,0.9914529914529915,0.9914515863882952,1.0,0.9873417721518987,0.9870129870129869,0.3627232142857143,0.37785036322867055,0.5909090909090909,0.46790890269151136,0.07473309608540925
24,grabmyo_cal,patient21,288,117,896,True,28.680282831192017,0.9914529914529915,0.9914515863882952,1.0,0.9873417721518987,0.9870129870129869,0.29799107142857145,0.4865318932890243,1.0,0.2608695652173913,0.19872611464968154
24,patient_only,patient22,288,117,936,True,0.21784710884094238,0.8888888888888888,0.8857142857142858,1.0,0.8571428571428571,0.8,0.9786324786324786,0.957362434217392,1.0,0.987029831387808,0.8850574712643677
24,grabmyo_cal,patient22,288,117,936,True,28.75864601135254,0.9572649572649573,0.9572579319414762,1.0,0.9367088607594937,0.935064935064935,0.8141025641025641,0.7805153425080397,0.9935483870967742,0.8752703677000722,0.4727272727272727
24,patient_only,patient23,288,117,936,True,0.23279285430908203,0.9401709401709402,0.940082304526749,1.0,0.9066666666666667,0.9135802469135802,0.9508547008547008,0.8758797667792516,1.0,0.9709228824273073,0.6567164179104477
24,grabmyo_cal,patient23,288,117,936,True,34.2038631439209,0.9914529914529915,0.9914515863882952,1.0,0.9870129870129869,0.9873417721518987,0.9604700854700855,0.9002603226213798,0.9873417721518987,0.9765970904490828,0.736842105263158
24,patient_only,patient24,288,117,936,True,0.483381986618042,0.8803418803418803,0.8783422459893048,1.0,0.8409090909090908,0.7941176470588235,0.8333333333333334,0.30303030303030304,0.0,0.9090909090909091,0.0
24,grabmyo_cal,patient24,288,117,936,True,30.217744827270508,0.8376068376068376,0.8295081967213115,1.0,0.8,0.6885245901639344,0.8301282051282052,0.3023934617629889,0.0,0.9071803852889667,0.0
24,patient_only,patient25,288,117,936,True,0.28113889694213867,0.7094017094017094,0.6412337662337663,1.0,0.6964285714285715,0.22727272727272727,0.8931623931623932,0.6387009888154053,0.9122807017543859,0.9378881987577641,0.06593406593406592
24,grabmyo_cal,patient25,288,117,936,True,28.029818773269653,0.6495726495726496,0.5478260869565217,1.0,0.6434782608695652,0.0,0.8589743589743589,0.643828895975244,1.0,0.9165613147914032,0.014925373134328358
24,patient_only,patient26,288,117,936,True,0.22829794883728027,0.9145299145299145,0.9131016042780749,1.0,0.8863636363636364,0.8529411764705882,0.686965811965812,0.3573066966010483,0.0,0.804796802131912,0.2671232876712329
24,grabmyo_cal,patient26,288,117,936,True,28.161431074142456,0.8632478632478633,0.8599326599326601,1.0,0.8222222222222223,0.7575757575757577,0.8237179487179487,0.7162092983492182,0.9440993788819876,0.8887390424814565,0.3157894736842105
24,patient_only,patient27,288,117,936,True,0.420421838760376,0.8717948717948718,0.8680232810667592,0.9870129870129869,0.8478260869565216,0.7692307692307693,0.9027777777777778,0.7801140499406395,0.9454545454545454,0.9415542710340398,0.45333333333333337
24,grabmyo_cal,patient27,288,117,936,True,28.185731887817383,0.9829059829059829,0.9828947368421054,1.0,0.975,0.9736842105263158,0.8643162393162394,0.7434943167812297,0.9397590361445783,0.9163923633969716,0.3743315508021391
24,patient_only,patient28,288,117,936,True,0.4180901050567627,0.8376068376068376,0.8374327050048612,0.7692307692307693,0.7956989247311828,0.9473684210526315,0.8076923076923077,0.5667443166165416,0.6419753086419753,0.8812664907651715,0.17699115044247787
24,grabmyo_cal,patient28,288,117,936,True,28.452224016189575,0.9743589743589743,0.9743547591648859,1.0,0.9620253164556962,0.9610389610389611,0.9155982905982906,0.8481386073139795,0.9189189189189189,0.953083109919571,0.6724137931034482
24,patient_only,patient29,288,117,936,True,0.39142394065856934,0.9743589743589743,0.9743209876543211,1.0,0.962962962962963,0.9600000000000001,0.9529914529914529,0.8806719643358734,0.9454545454545454,0.9721518987341772,0.7244094488188976
24,grabmyo_cal,patient29,288,117,936,True,28.110756158828735,0.9487179487179487,0.9485827290705341,1.0,0.9268292682926831,0.9189189189189189,0.9049145299145299,0.8457903934104222,0.9454545454545454,0.939742721733243,0.6521739130434783
24,patient_only,patient30,288,117,936,True,0.20352888107299805,0.905982905982906,0.9040751299681368,1.0,0.8764044943820225,0.835820895522388,0.6848290598290598,0.5583366371525483,0.6638297872340426,0.782608695652174,0.22857142857142854
24,grabmyo_cal,patient30,288,117,936,True,28.072091817855835,0.9230769230769231,0.9229629629629629,1.0,0.8799999999999999,0.888888888888889,0.6036324786324786,0.6247986633545205,1.0,0.7081038552321007,0.1662921348314607
24,patient_only,patient31,288,117,936,True,0.41333699226379395,0.8376068376068376,0.8336911779376873,0.7164179104477612,0.945945945945946,0.8387096774193548,0.9252136752136753,0.7546271022672989,0.8387096774193548,0.9698870765370139,0.45528455284552843
24,grabmyo_cal,patient31,288,117,936,True,28.28886914253235,0.9145299145299145,0.9158730158730158,0.9066666666666667,0.9600000000000001,0.8809523809523809,0.9081196581196581,0.6973347619358184,0.7519999999999999,0.9640644361833953,0.3759398496240602
24,patient_only,patient32,288,117,936,True,0.4622530937194824,0.7777777777777778,0.75,1.0,0.7499999999999999,0.5,0.8942307692307693,0.7064385867267036,0.923076923076923,0.9376181474480151,0.25862068965517243
24,grabmyo_cal,patient32,288,117,936,True,28.07870316505432,0.7264957264957265,0.6711462450592885,1.0,0.7090909090909091,0.30434782608695654,0.8664529914529915,0.7218477354643044,0.9454545454545454,0.9188838416612589,0.30120481927710846
24,patient_only,patient33,288,117,936,True,0.247772216796875,0.9658119658119658,0.965721819380356,1.0,0.951219512195122,0.945945945945946,0.8974358974358975,0.7898469095128616,0.787878787878788,0.9369250985545335,0.644736842105263
24,grabmyo_cal,patient33,288,117,936,True,31.603448152542114,0.7008547008547008,0.6447394105016592,1.0,0.6788990825688073,0.25531914893617025,0.7927350427350427,0.7140113969369204,0.9397590361445783,0.8641456582633052,0.33812949640287765
24,patient_only,patient34,288,117,936,True,0.23872089385986328,0.8888888888888888,0.8873896385140764,1.0,0.8505747126436781,0.8115942028985509,0.8985042735042735,0.8276295340137735,0.9936305732484078,0.9368770764119602,0.5523809523809524
24,grabmyo_cal,patient34,288,117,936,True,28.059113025665283,0.9743589743589743,0.9743209876543211,1.0,0.962962962962963,0.9600000000000001,0.811965811965812,0.7611174987786544,0.951219512195122,0.8764367816091955,0.45569620253164556
24,patient_only,patient35,288,117,936,True,0.3602771759033203,0.7521367521367521,0.7366677251577225,0.7191011235955057,0.951219512195122,0.5396825396825398,0.8611111111111112,0.6937631919934825,0.6484018264840182,0.921259842519685,0.5116279069767442
24,grabmyo_cal,patient35,288,117,936,True,28.289264917373657,0.8034188034188035,0.792085720817386,0.7789473684210526,0.9743589743589743,0.6229508196721312,0.844017094017094,0.7048301289842972,0.6181818181818182,0.9112021857923498,0.5851063829787234
24,patient_only,patient36,288,117,936,True,0.2664318084716797,0.8205128205128205,0.8091909837497816,1.0,0.7835051546391754,0.6440677966101694,0.9198717948717948,0.7451299017017549,0.9668874172185431,0.9565756823821341,0.3119266055045872
24,grabmyo_cal,patient36,288,117,936,True,28.025007247924805,0.7264957264957265,0.7111111111111111,1.0,0.6666666666666666,0.4666666666666667,0.7628205128205128,0.31965811965811963,0.0,0.9076923076923076,0.05128205128205129
24,patient_only,patient37,288,117,936,True,0.18302702903747559,1.0,1.0,1.0,1.0,1.0,0.7863247863247863,0.7158769751822144,0.8041237113402061,0.8529411764705882,0.4905660377358491
24,grabmyo_cal,patient37,288,117,936,True,28.23562502861023,0.9658119658119658,0.965721819380356,1.0,0.945945945945946,0.951219512195122,0.6602564102564102,0.6430528191401682,1.0,0.7616191904047976,0.16753926701570682
24,patient_only,patient38,288,117,936,True,0.2350919246673584,0.905982905982906,0.9040751299681368,1.0,0.8764044943820225,0.835820895522388,0.9861111111111112,0.9669421487603306,1.0,0.9917355371900827,0.9090909090909091
24,grabmyo_cal,patient38,288,117,936,True,28.163762092590332,0.8547008547008547,0.854485596707819,1.0,0.7901234567901233,0.7733333333333334,0.7318376068376068,0.6870507514937567,0.923076923076923,0.8142116950407107,0.32386363636363635
24,patient_only,patient39,288,117,936,True,0.39272189140319824,0.8974358974358975,0.8963455149501659,1.0,0.8604651162790696,0.8285714285714285,0.9423076923076923,0.8280637691485572,1.0,0.9663341645885286,0.5178571428571428
24,grabmyo_cal,patient39,288,117,936,True,28.782360076904297,0.811965811965812,0.7987332864180154,1.0,0.7755102040816326,0.6206896551724138,0.9145299145299145,0.7383248145650317,0.962962962962963,0.9501246882793017,0.3018867924528302
24,patient_only,patient40,288,117,936,True,0.4075896739959717,0.9487179487179487,0.9484126984126985,1.0,0.9285714285714286,0.9166666666666666,0.9871794871794872,0.9704219525648097,1.0,0.9923469387755102,0.9189189189189189
24,grabmyo_cal,patient40,288,117,936,True,28.443580865859985,0.9572649572649573,0.9570886284865491,1.0,0.9397590361445783,0.9315068493150686,0.9829059829059829,0.9619535394183281,1.0,0.9897567221510883,0.8961038961038961
24,patient_only,patient41,288,117,936,True,0.3016970157623291,0.5811965811965812,0.57900185657195,0.7222222222222221,0.5420560747663551,0.4727272727272727,0.8386752136752137,0.6176706537669104,0.5561497326203209,0.9040050858232676,0.3928571428571429
24,grabmyo_cal,patient41,288,117,936,True,28.52969002723694,0.5982905982905983,0.5978696741854638,0.7500000000000001,0.5523809523809524,0.49122807017543857,0.8867521367521367,0.7479627109363446,0.6927374301675977,0.9347123464770524,0.6164383561643835
24,patient_only,patient42,288,117,936,True,0.20537090301513672,0.9914529914529915,0.9914515863882952,1.0,0.9873417721518987,0.9870129870129869,0.8311965811965812,0.6281850060099139,0.7123287671232876,0.9285714285714286,0.2436548223350254
24,grabmyo_cal,patient42,288,117,936,True,28.28195095062256,0.9487179487179487,0.9485827290705341,1.0,0.9189189189189189,0.9268292682926831,0.7863247863247863,0.7088311223576924,0.8571428571428571,0.8681159420289855,0.4012345679012345
24,patient_only,patient43,288,117,936,True,0.21300315856933594,0.8290598290598291,0.8339169000933707,0.8571428571428572,0.7916666666666666,0.8529411764705882,0.9850427350427351,0.9661954837890011,0.9936305732484078,0.9910485933503836,0.9139072847682119
24,grabmyo_cal,patient43,288,117,936,True,28.39256763458252,0.9829059829059829,0.983008658008658,0.9870129870129869,0.975,0.9870129870129869,0.9198717948717948,0.7689483673981795,0.6666666666666666,0.9765013054830287,0.6636771300448431
24,patient_only,patient44,288,117,936,True,0.18858075141906738,0.9487179487179487,0.9484126984126985,0.9285714285714286,1.0,0.9166666666666666,0.9358974358974359,0.8716691769599715,0.8297872340425533,0.9616908850726552,0.8235294117647058
24,grabmyo_cal,patient44,288,117,936,True,28.397249221801758,0.9145299145299145,0.9143045484508899,1.0,0.878048780487805,0.8648648648648648,0.7628205128205128,0.7356406171018444,0.951219512195122,0.8340807174887892,0.42162162162162165
24,patient_only,patient45,288,117,936,True,0.4918551445007324,0.905982905982906,0.9052195526097764,1.0,0.8705882352941177,0.8450704225352113,0.8942307692307693,0.7900139056271437,1.0,0.9357560025957171,0.4342857142857143
24,grabmyo_cal,patient45,288,117,936,True,28.094706058502197,0.8974358974358975,0.8968253968253969,1.0,0.8571428571428571,0.8333333333333333,0.8643162393162394,0.7459315969684145,1.0,0.9169391759319817,0.320855614973262
24,patient_only,patient46,288,117,936,True,0.25479602813720703,0.7863247863247863,0.7618611467301704,1.0,0.7572815533980582,0.5283018867924528,0.9572649572649573,0.894932128359141,1.0,0.9746514575411914,0.7101449275362318
24,grabmyo_cal,patient46,288,117,936,True,28.19488787651062,0.8803418803418803,0.8800263678312458,1.0,0.8292682926829267,0.8108108108108107,0.7596153846153846,0.717962934149714,1.0,0.8377793799567411,0.3161094224924012
24,patient_only,patient47,288,117,936,True,0.2203960418701172,0.9487179487179487,0.9475308641975309,0.962962962962963,0.9166666666666666,0.962962962962963,0.8824786324786325,0.5756844181459566,0.0,0.9341538461538461,0.7928994082840237
24,grabmyo_cal,patient47,288,117,936,True,33.93730974197388,0.9487179487179487,0.9484126984126983,1.0,0.9166666666666666,0.9285714285714286,0.8386752136752137,0.544132907160317,0.1176470588235294,0.9201570680628272,0.5945945945945946
24,patient_only,patient48,288,117,0,False,0.4049563407897949,0.6837606837606838,0.6782580603476126,0.5999999999999999,0.9870129870129869,0.44776119402985076,,,,,
24,grabmyo_cal,patient48,288,117,0,False,28.971773147583008,0.8974358974358975,0.8975933423301844,0.868421052631579,0.9743589743589743,0.8500000000000001,,,,,
36,patient_only,patient1,432,117,936,True,0.3218507766723633,0.7948717948717948,0.7734204793028322,1.0,0.7647058823529412,0.5555555555555556,0.9284188034188035,0.7734385622653779,1.0,0.9584109248913718,0.3619047619047619
36,grabmyo_cal,patient1,432,117,936,True,28.135588884353638,0.8632478632478633,0.8586956521739131,1.0,0.8260869565217391,0.7500000000000001,0.8782051282051282,0.8004818765108136,0.9936305732484078,0.9237967914438502,0.4840182648401826
36,patient_only,patient2,432,117,936,True,0.23872900009155273,0.7863247863247863,0.7728464092259305,1.0,0.7422680412371133,0.5762711864406781,0.8226495726495726,0.4417505483545093,0.3917525773195876,0.9334990677439403,0.0
36,grabmyo_cal,patient2,432,117,936,True,28.291917085647583,0.7777777777777778,0.7652777777777778,1.0,0.7291666666666667,0.5666666666666667,0.8611111111111112,0.6374209809541233,0.9935483870967742,0.9187145557655955,0.0
36,patient_only,patient3,432,117,936,True,0.2752647399902344,0.6495726495726496,0.5478260869565217,1.0,0.6434782608695652,0.0,0.8685897435897436,0.6409290646578781,1.0,0.9227871939736346,0.0
36,grabmyo_cal,patient3,432,117,936,True,28.282723903656006,0.7606837606837606,0.7438423645320197,1.0,0.7142857142857142,0.5172413793103449,0.8408119658119658,0.6294377377003811,0.9387755102040816,0.910828025477707,0.03870967741935484
36,patient_only,patient4,432,117,936,True,0.28362393379211426,0.8717948717948718,0.8716049382716049,1.0,0.8148148148148148,0.8,0.8632478632478633,0.8113300898820813,1.0,0.9116022099447514,0.5223880597014926
36,grabmyo_cal,patient4,432,117,936,True,30.04595708847046,0.9401709401709402,0.9396851698425849,1.0,0.9014084507042254,0.9176470588235294,0.4732905982905983,0.5655845666336485,1.0,0.572419774501301,0.12433392539964473
36,patient_only,patient5,432,117,936,True,0.5640230178833008,0.8547008547008547,0.8474547023295944,1.0,0.8210526315789474,0.7213114754098361,0.6987179487179487,0.59076379323787,0.9689440993788819,0.803347280334728,0.0
36,grabmyo_cal,patient5,432,117,936,True,28.27837610244751,0.7948717948717948,0.7734204793028322,1.0,0.7647058823529412,0.5555555555555556,0.719017094017094,0.5979983941270933,0.975,0.8189951823812801,0.0
36,patient_only,patient6,432,117,936,True,0.6598820686340332,0.6666666666666666,0.5555555555555555,1.0,0.6666666666666666,0.0,0.9294871794871795,0.7863013698630138,1.0,0.9589041095890412,0.4
36,grabmyo_cal,patient6,432,117,936,True,31.036298036575317,0.8632478632478633,0.8628872775214238,1.0,0.7837837837837838,0.8048780487804877,0.8279914529914529,0.7722855772084575,0.962962962962963,0.8865398167723749,0.4673539518900344
36,patient_only,patient7,432,117,936,True,0.6369061470031738,0.9743589743589743,0.9743547591648859,0.9610389610389611,0.9620253164556962,1.0,0.9209401709401709,0.8434228521695885,0.8285714285714285,0.9516971279373369,0.7500000000000001
36,grabmyo_cal,patient7,432,117,936,True,28.306342840194702,0.9572649572649573,0.9571864410120389,0.9873417721518987,0.9382716049382716,0.945945945945946,0.8675213675213675,0.7815958815958816,0.9285714285714286,0.9162162162162163,0.5
36,patient_only,patient8,432,117,936,True,0.227708101272583,0.9658119658119658,0.965721819380356,1.0,0.951219512195122,0.945945945945946,0.842948717948718,0.7799648818885275,1.0,0.8988300068823124,0.44106463878327007
36,grabmyo_cal,patient8,432,117,936,True,28.32716703414917,0.9401709401709402,0.9396851698425849,1.0,0.9176470588235294,0.9014084507042254,0.9113247863247863,0.8030479807411449,0.8776978417266188,0.9570871261378413,0.5743589743589744
36,patient_only,patient9,432,117,936,True,0.6483068466186523,0.8290598290598291,0.817030260380014,1.0,0.7959183673469388,0.6551724137931034,0.907051282051282,0.6768466508652877,1.0,0.946329426280074,0.08421052631578947
36,grabmyo_cal,patient9,432,117,936,True,31.116899967193604,0.8547008547008547,0.8474547023295944,1.0,0.8210526315789474,0.7213114754098361,0.8878205128205128,0.6628778311021302,1.0,0.9345794392523366,0.05405405405405406
36,patient_only,patient10,432,117,936,True,0.795051097869873,0.7350427350427351,0.692542437535762,1.0,0.7102803738317757,0.3673469387755102,0.9326923076923077,0.7830972860074997,1.0,0.9609423434593924,0.3883495145631068
36,grabmyo_cal,patient10,432,117,936,True,38.54977107048035,0.6923076923076923,0.6300395256916996,1.0,0.6727272727272727,0.21739130434782608,0.842948717948718,0.6798206689504017,0.9935483870967742,0.9055627425614489,0.14035087719298245
36,patient_only,patient11,432,117,936,True,0.2482471466064453,0.7435897435897436,0.7255453905700211,1.0,0.6938775510204083,0.4827586206896552,0.8653846153846154,0.5466869506423259,0.0,0.9224137931034483,0.7176470588235294
36,grabmyo_cal,patient11,432,117,936,True,28.491600036621094,0.6581196581196581,0.5889328063241106,1.0,0.6363636363636364,0.13043478260869565,0.8012820512820513,0.4760174418604651,0.0,0.8854166666666666,0.5426356589147286
36,patient_only,patient12,432,117,936,True,0.24173903465270996,0.9914529914529915,0.9914515863882952,1.0,0.9873417721518987,0.9870129870129869,0.8728632478632479,0.5679166535585827,0.5,0.9300657501494322,0.2736842105263158
36,grabmyo_cal,patient12,432,117,936,True,30.939573049545288,0.9829059829059829,0.9828947368421054,1.0,0.975,0.9736842105263158,0.9273504273504274,0.7285012285012283,1.0,0.9582309582309582,0.22727272727272727
36,patient_only,patient13,432,117,936,True,0.22102999687194824,0.9658119658119658,0.9660143949617633,0.9743589743589743,0.9500000000000001,0.9736842105263158,0.5993589743589743,0.24983299933199732,0.0,0.749498997995992,0.0
36,grabmyo_cal,patient13,432,117,936,True,28.712816953659058,1.0,1.0,1.0,1.0,1.0,0.4658119658119658,0.22415343915343913,0.0,0.6369047619047619,0.035555555555555556
36,patient_only,patient14,432,117,936,True,0.3732318878173828,0.5555555555555556,0.4845206433453025,0.7575757575757577,0.5984251968503937,0.09756097560975609,0.8290598290598291,0.36909221291150346,0.09756097560975609,0.9055489964580874,0.10416666666666667
36,grabmyo_cal,patient14,432,117,936,True,28.655865907669067,0.717948717948718,0.6591970542938984,0.962962962962963,0.7102803738317757,0.30434782608695654,0.8589743589743589,0.5571374032975166,0.7317073170731707,0.9199029126213591,0.019801980198019802
36,patient_only,patient15,432,117,0,False,0.38602614402770996,0.9914529914529915,0.9914515863882952,1.0,0.9870129870129869,0.9873417721518987,,,,,
36,grabmyo_cal,patient15,432,117,0,False,28.748460054397583,0.9743589743589743,0.974320987654321,1.0,0.9600000000000001,0.962962962962963,,,,,
36,patient_only,patient16,432,117,936,True,0.5516879558563232,1.0,1.0,1.0,1.0,1.0,0.9903846153846154,0.9789918126899811,0.9873417721518987,0.9942196531791908,0.9554140127388535
36,grabmyo_cal,patient16,432,117,936,True,28.394912004470825,0.9316239316239316,0.9308970099667774,1.0,0.9069767441860465,0.8857142857142858,0.9732905982905983,0.9339369550637157,0.9285714285714286,0.9859154929577464,0.8873239436619719
36,patient_only,patient17,432,117,936,True,0.2875840663909912,0.9658119658119658,0.9658119658119658,1.0,0.9487179487179487,0.9487179487179487,0.9177350427350427,0.852815270532644,1.0,0.9493087557603688,0.6091370558375635
36,grabmyo_cal,patient17,432,117,936,True,28.424975872039795,0.9829059829059829,0.9828947368421054,1.0,0.9736842105263158,0.975,0.7799145299145299,0.7447247328786709,1.0,0.8509406657018813,0.38323353293413176
36,patient_only,patient18,432,117,936,True,0.2807941436767578,0.8547008547008547,0.8505494505494505,1.0,0.8131868131868132,0.7384615384615384,0.8237179487179487,0.47872498626062776,0.4952380952380952,0.9409368635437881,0.0
36,grabmyo_cal,patient18,432,117,936,True,28.34961175918579,0.7863247863247863,0.7808296633602893,0.945945945945946,0.7524752475247525,0.6440677966101694,0.8333333333333334,0.5706778827554614,0.6341463414634146,0.9263721552878178,0.15151515151515152
36,patient_only,patient19,432,117,936,True,0.35909509658813477,0.9658119658119658,0.9657894736842105,1.0,0.9500000000000001,0.9473684210526315,0.719017094017094,0.5812573310449252,0.7391304347826088,0.834149755073478,0.17049180327868851
36,grabmyo_cal,patient19,432,117,936,True,28.417001962661743,0.905982905982906,0.9052195526097764,1.0,0.8705882352941177,0.8450704225352113,0.7735042735042735,0.5596565772858587,0.5714285714285714,0.8878441907320349,0.2196969696969697
36,patient_only,patient20,432,117,936,True,0.3049619197845459,0.8803418803418803,0.8763586956521738,1.0,0.8478260869565216,0.7812500000000001,0.8888888888888888,0.7201083191636752,0.9873417721518987,0.9341772151898733,0.23880597014925373
36,grabmyo_cal,patient20,432,117,936,True,28.70050597190857,0.9829059829059829,0.9828947368421054,1.0,0.975,0.9736842105263158,0.8632478632478633,0.7451264342207864,1.0,0.9162303664921465,0.3191489361702128
36,patient_only,patient21,432,117,896,True,0.22295808792114258,0.9743589743589743,0.9743547591648859,1.0,0.9620253164556962,0.9610389610389611,0.39174107142857145,0.3897004789296303,0.582089552238806,0.5080645161290323,0.07894736842105263
36,grabmyo_cal,patient21,432,117,896,True,28.250399827957153,0.9658119658119658,0.9657894736842105,1.0,0.9500000000000001,0.9473684210526315,0.32924107142857145,0.5074483683822687,1.0,0.3162684869169511,0.20607661822985468
36,patient_only,patient22,432,117,936,True,0.41129016876220703,0.8461538461538461,0.8375,1.0,0.8125000000000001,0.7000000000000001,0.9754273504273504,0.952181387961021,1.0,0.985035783994795,0.8715083798882681
36,grabmyo_cal,patient22,432,117,936,True,28.566445112228394,0.9743589743589743,0.9743547591648859,1.0,0.9610389610389611,0.9620253164556962,0.8344017094017094,0.7970958107814305,1.0,0.8896797153024911,0.5016077170418006
36,patient_only,patient23,432,117,936,True,0.2876429557800293,0.9316239316239316,0.9312169312169312,1.0,0.9047619047619048,0.8888888888888888,0.9497863247863247,0.8686810959198527,1.0,0.9703843730308759,0.6356589147286822
36,grabmyo_cal,patient23,432,117,936,True,28.27898097038269,0.9316239316239316,0.9315789473684211,1.0,0.9,0.8947368421052632,0.9775641025641025,0.9493594190021822,0.9873417721518987,0.9865642994241843,0.8741721854304636
36,patient_only,patient24,432,117,936,True,0.3051931858062744,0.8888888888888888,0.88850446571586,0.9743589743589743,0.8505747126436781,0.8405797101449275,0.8333333333333334,0.30303030303030304,0.0,0.9090909090909091,0.0
36,grabmyo_cal,patient24,432,117,936,True,28.293755054473877,0.8717948717948718,0.8738968304185697,0.945945945945946,0.8351648351648352,0.8405797101449275,0.8333333333333334,0.30303030303030304,0.0,0.9090909090909091,0.0
36,patient_only,patient25,432,117,936,True,0.33977794647216797,0.7008547008547008,0.6401885830784914,0.975,0.6788990825688073,0.2666666666666667,0.9230769230769231,0.7638597685906969,0.9122807017543859,0.9550561797752808,0.42424242424242425
36,grabmyo_cal,patient25,432,117,936,True,28.15951895713806,0.7008547008547008,0.6774765195817828,1.0,0.6464646464646464,0.38596491228070173,0.8814102564102564,0.6807441860465117,1.0,0.9302325581395349,0.112
36,patient_only,patient26,432,117,936,True,0.513685941696167,0.9230769230769231,0.9220389805097451,1.0,0.896551724137931,0.8695652173913044,0.6762820512820513,0.35117776774323656,0.0,0.7994616419919246,0.254071661237785
36,grabmyo_cal,patient26,432,117,936,True,28.904470682144165,0.9401709401709402,0.9399240798811684,1.0,0.9156626506024097,0.9041095890410958,0.8205128205128205,0.7300282037722546,0.9500000000000001,0.8852459016393444,0.3548387096774194
36,patient_only,patient27,432,117,936,True,0.2701411247253418,0.9658119658119658,0.965416893686936,0.9873417721518987,0.945945945945946,0.962962962962963,0.8846153846153846,0.8027922188112244,0.9454545454545454,0.9277108433734939,0.5352112676056338
36,grabmyo_cal,patient27,432,117,936,True,28.406381130218506,0.9743589743589743,0.974320987654321,1.0,0.9600000000000001,0.962962962962963,0.8931623931623932,0.7824453415736311,0.9212121212121213,0.9348958333333334,0.4912280701754386
36,patient_only,patient28,432,117,936,True,0.28608107566833496,0.9914529914529915,0.9914515863882952,1.0,0.9873417721518987,0.9870129870129869,0.8632478632478633,0.6578872007443436,0.7090909090909091,0.9176319176319176,0.3469387755102041
36,grabmyo_cal,patient28,432,117,936,True,29.677565813064575,0.9914529914529915,0.9914515863882952,1.0,0.9873417721518987,0.9870129870129869,0.9220085470085471,0.8498280535663714,0.8831168831168831,0.9572763684913218,0.7090909090909091
36,patient_only,patient29,432,117,936,True,0.28560304641723633,0.9572649572649573,0.9572362869198313,0.975,0.9367088607594937,0.9600000000000001,0.9636752136752137,0.9154794047921951,0.9454545454545454,0.9782886334610472,0.8226950354609929
36,grabmyo_cal,patient29,432,117,936,True,28.38953685760498,0.9658119658119658,0.9657894736842105,1.0,0.9500000000000001,0.9473684210526315,0.9305555555555556,0.876673147820414,0.9390243902439025,0.9566955363091272,0.7342995169082125
36,patient_only,patient30,432,117,936,True,0.25689077377319336,0.9658119658119658,0.9657894736842105,1.0,0.9500000000000001,0.9473684210526315,0.9177350427350427,0.7900473737012091,0.7812500000000001,0.9682024659312135,0.6206896551724138
36,grabmyo_cal,patient30,432,117,936,True,29.704727172851562,0.9658119658119658,0.965721819380356,1.0,0.945945945945946,0.951219512195122,0.6720085470085471,0.6760737079888869,0.9935483870967742,0.763888888888889,0.27078384798099764
36,patient_only,patient31,432,117,936,True,0.3082249164581299,0.8632478632478633,0.8626298933204303,0.7941176470588235,0.945945945945946,0.8478260869565216,0.9091880341880342,0.7217543058804387,0.7786259541984734,0.9648682559598494,0.4217687074829932
36,grabmyo_cal,patient31,432,117,936,True,28.98638892173767,0.8888888888888888,0.8905981822024943,0.868421052631579,0.9600000000000001,0.8433734939759037,0.9145299145299145,0.7259441646058745,0.8181818181818181,0.9628252788104089,0.3968253968253968
36,patient_only,patient32,432,117,936,True,0.6157798767089844,0.7606837606837606,0.7307692307692308,1.0,0.7307692307692307,0.4615384615384615,0.9155982905982906,0.7613789677743167,0.923076923076923,0.9503456945317411,0.4107142857142857
36,grabmyo_cal,patient32,432,117,936,True,28.763976097106934,0.717948717948718,0.66504001561585,1.0,0.6972477064220183,0.2978723404255319,0.8814102564102564,0.7463766383312421,0.962962962962963,0.9283408650742415,0.34782608695652173
36,patient_only,patient33,432,117,936,True,0.48075079917907715,0.9572649572649573,0.9570886284865491,1.0,0.9397590361445783,0.9315068493150686,0.8835470085470085,0.7752959340686978,0.8041237113402061,0.927478376580173,0.5942857142857142
36,grabmyo_cal,patient33,432,117,936,True,29.72203016281128,0.8632478632478633,0.8586956521739131,1.0,0.8260869565217391,0.7500000000000001,0.8942307692307693,0.8181954273271638,0.975,0.9341317365269461,0.5454545454545454
36,patient_only,patient34,432,117,936,True,0.2784590721130371,0.8632478632478633,0.8599326599326601,1.0,0.8222222222222223,0.7575757575757577,0.9113247863247863,0.83587513212393,0.9936305732484078,0.9455737704918034,0.5684210526315789
36,grabmyo_cal,patient34,432,117,936,True,29.41974711418152,0.9145299145299145,0.9144736842105262,1.0,0.868421052631579,0.875,0.8354700854700855,0.7765150332853098,0.951219512195122,0.8953323903818954,0.48299319727891166
36,patient_only,patient35,432,117,936,True,0.2912318706512451,0.6581196581196581,0.6105511136493432,0.6213592233009708,0.975,0.23529411764705882,0.8632478632478633,0.7009892967078309,0.6206896551724138,0.9249011857707511,0.5573770491803278
36,grabmyo_cal,patient35,432,117,936,True,28.909368991851807,0.6923076923076923,0.636746322804527,0.6728971962616822,0.9873417721518987,0.25,0.8771367521367521,0.7592407817538951,0.6260869565217392,0.9316353887399464,0.7199999999999999
36,patient_only,patient36,432,117,936,True,0.3578970432281494,0.9658119658119658,0.9657894736842105,1.0,0.9500000000000001,0.9473684210526315,0.9551282051282052,0.881808879093199,1.0,0.973551637279597,0.671875
36,grabmyo_cal,patient36,432,117,936,True,42.19809699058533,0.9316239316239316,0.9312169312169312,1.0,0.9047619047619048,0.8888888888888888,0.8696581196581197,0.4725000962612144,0.0,0.9720457433290979,0.44545454545454544
36,patient_only,patient37,432,117,936,True,0.4113280773162842,1.0,1.0,1.0,1.0,1.0,0.8290598290598291,0.7912429697156759,0.9935483870967742,0.8865096359743041,0.4936708860759494
36,grabmyo_cal,patient37,432,117,936,True,29.351152181625366,0.9914529914529915,0.9914515863882952,1.0,0.9870129870129869,0.9873417721518987,0.717948717948718,0.663580384433731,1.0,0.8106169296987088,0.18012422360248448
36,patient_only,patient38,432,117,936,True,0.43707799911499023,0.9914529914529915,0.9914515863882952,1.0,0.9873417721518987,0.9870129870129869,0.9978632478632479,0.995244192427291,1.0,0.998719590268886,0.9870129870129869
36,grabmyo_cal,patient38,432,117,936,True,28.272988319396973,0.8803418803418803,0.8796296296296297,1.0,0.8333333333333333,0.8055555555555556,0.7489316239316239,0.6973551074364764,0.9341317365269461,0.8285922684172137,0.32934131736526945
36,patient_only,patient39,432,117,936,True,0.33412909507751465,0.8803418803418803,0.8763586956521738,1.0,0.8478260869565216,0.7812500000000001,0.9305555555555556,0.8281273835884303,1.0,0.9588347055098164,0.5255474452554745
36,grabmyo_cal,patient39,432,117,936,True,28.151979684829712,0.8632478632478633,0.8595982545349634,0.9873417721518987,0.8222222222222223,0.7692307692307693,0.9177350427350427,0.8002651568767821,0.9570552147239264,0.950986632718014,0.4927536231884058
36,patient_only,patient40,432,117,936,True,0.25290489196777344,0.9316239316239316,0.9308970099667774,1.0,0.9069767441860465,0.8857142857142858,0.9925213675213675,0.9834514682482282,1.0,0.9955156950672647,0.9548387096774195
36,grabmyo_cal,patient40,432,117,936,True,31.539966821670532,0.9487179487179487,0.9485827290705341,1.0,0.9268292682926831,0.9189189189189189,0.9861111111111112,0.9702981765892433,1.0,0.9916398713826368,0.9192546583850931
36,patient_only,patient41,432,117,936,True,0.38700127601623535,0.5470085470085471,0.5412191294544235,0.6060606060606061,0.547008547008547,0.47058823529411764,0.8365384615384616,0.6189779089087207,0.5473684210526316,0.9024856596558317,0.40707964601769914
36,grabmyo_cal,patient41,432,117,936,True,28.437306880950928,0.7008547008547008,0.7077709185076403,0.6984126984126983,0.6601941747572816,0.7647058823529411,0.9049145299145299,0.7811089425498771,0.7425149700598802,0.9438775510204082,0.656934306569343
36,patient_only,patient42,432,117,936,True,0.2258319854736328,0.9401709401709402,0.9397186147186147,0.975,0.9090909090909091,0.935064935064935,0.8311965811965812,0.6275200989486704,0.7090909090909091,0.9285714285714286,0.24489795918367346
36,grabmyo_cal,patient42,432,117,936,True,33.31912803649902,0.905982905982906,0.9032324524012503,0.975,0.8405797101449275,0.8941176470588235,0.8055555555555556,0.6745232374396606,0.8,0.8940677966101694,0.32950191570881227
36,patient_only,patient43,432,117,936,True,0.5782449245452881,0.9487179487179487,0.9484126984126985,1.0,0.9285714285714286,0.9166666666666666,0.9818376068376068,0.9590425014312572,0.9873417721518987,0.9891234804862444,0.9006622516556291
36,grabmyo_cal,patient43,432,117,936,True,28.706947088241577,0.9829059829059829,0.9828947368421054,1.0,0.975,0.9736842105263158,0.9166666666666666,0.596579378317116,0.09756097560975609,0.9879518072289157,0.7042253521126761
36,patient_only,patient44,432,117,936,True,0.34778285026550293,0.9316239316239316,0.9308970099667774,1.0,0.9069767441860465,0.8857142857142858,0.9604700854700855,0.9187643201237324,0.9873417721518987,0.976051779935275,0.7928994082840237
36,grabmyo_cal,patient44,432,117,936,True,31.048150062561035,0.9401709401709402,0.9396851698425849,1.0,0.9176470588235294,0.9014084507042254,0.8482905982905983,0.7963365009847753,0.951219512195122,0.8998589562764456,0.5379310344827586
36,patient_only,patient45,432,117,936,True,0.574941873550415,0.9230769230769231,0.9220389805097451,1.0,0.896551724137931,0.8695652173913044,0.8952991452991453,0.8118421052631578,1.0,0.9355263157894737,0.5
36,grabmyo_cal,patient45,432,117,936,True,32.701961040496826,0.8461538461538461,0.8375,1.0,0.8125000000000001,0.7000000000000001,0.8963675213675214,0.7855135436035611,1.0,0.9373789541639767,0.4191616766467066
36,patient_only,patient46,432,117,936,True,0.2809908390045166,0.9487179487179487,0.9484126984126985,1.0,0.9285714285714286,0.9166666666666666,0.9358974358974359,0.8694163305684498,1.0,0.9611901681759379,0.6470588235294118
36,grabmyo_cal,patient46,432,117,936,True,31.016123056411743,0.8461538461538461,0.8460526315789473,1.0,0.7631578947368421,0.7749999999999999,0.7660256410256411,0.714741801570801,1.0,0.8439059158945117,0.3003194888178914
36,patient_only,patient47,432,117,936,True,0.26632094383239746,0.9743589743589743,0.9743504330446369,0.9736842105263158,0.9620253164556962,0.9873417721518987,0.8824786324786325,0.5756844181459566,0.0,0.9341538461538461,0.7928994082840237
36,grabmyo_cal,patient47,432,117,936,True,31.177055835723877,0.9743589743589743,0.974320987654321,1.0,0.9600000000000001,0.962962962962963,0.8643162393162394,0.5498623244388978,0.0,0.9265822784810127,0.7230046948356808
36,patient_only,patient48,432,117,0,False,0.45772314071655273,0.8547008547008547,0.856936936936937,0.8108108108108107,0.9600000000000001,0.7999999999999999,,,,,
36,grabmyo_cal,patient48,432,117,0,False,32.94610786437988,0.905982905982906,0.9068289551789461,0.8732394366197183,0.9736842105263158,0.8735632183908045,,,,,
