cal_per_gesture,cal_total_ms,participant,session,arm,n_cal,n_test,acc,f1_macro,f1_rest,f1_close,f1_open
12,7200,patient1,healthy_01,healthy,144,117,1.0,1.0,1.0,1.0,1.0
12,7200,patient1,healthy_02,healthy,144,117,0.7606837606837606,0.7252830188679246,1.0,0.7358490566037735,0.44000000000000006
12,7200,patient1,impaired_01,impaired,144,117,0.7948717948717948,0.7771428571428571,1.0,0.76,0.5714285714285713
12,7200,patient1,impaired_02,impaired,144,117,0.7350427350427351,0.7372480833839875,0.6779661016949152,0.7155963302752294,0.8181818181818181
12,7200,patient1,impaired_03,impaired,144,117,0.8803418803418803,0.8763586956521738,1.0,0.8478260869565216,0.7812500000000001
12,7200,patient1,impaired_04,impaired,144,117,0.811965811965812,0.7957142857142857,1.0,0.78,0.6071428571428571
12,7200,patient1,impaired_05,impaired,144,117,0.905982905982906,0.9040751299681368,1.0,0.8764044943820225,0.835820895522388
12,7200,patient1,impaired_06,impaired,144,117,0.8717948717948718,0.8668714797747056,1.0,0.8387096774193548,0.761904761904762
12,7200,patient2,healthy_01,healthy,144,117,0.7606837606837606,0.7344660019887264,0.9873417721518987,0.7254901960784315,0.4905660377358491
12,7200,patient2,healthy_02,healthy,144,117,0.8034188034188035,0.7958696023212152,1.0,0.7526881720430108,0.6349206349206349
12,7200,patient2,impaired_01,impaired,144,117,0.8461538461538461,0.8410326086956522,1.0,0.8043478260869565,0.71875
12,7200,patient2,impaired_02,impaired,144,117,0.8034188034188035,0.7937411116011709,0.9397590361445783,0.7640449438202247,0.6774193548387096
12,7200,patient2,impaired_03,impaired,144,117,0.8717948717948718,0.8681318681318682,1.0,0.8351648351648352,0.7692307692307693
12,7200,patient2,impaired_04,impaired,144,117,0.8888888888888888,0.8871867648238956,0.962962962962963,0.8607594936708861,0.8378378378378378
12,7200,patient2,impaired_05,impaired,144,117,0.7948717948717948,0.7734204793028322,1.0,0.7647058823529412,0.5555555555555556
12,7200,patient2,impaired_06,impaired,144,117,0.6495726495726496,0.6110530919041558,0.8857142857142858,0.6495726495726496,0.2978723404255319
12,7200,patient3,healthy_01,healthy,144,117,0.9487179487179487,0.9484126984126985,1.0,0.9285714285714286,0.9166666666666666
12,7200,patient3,healthy_02,healthy,144,117,0.8376068376068376,0.8291139240506329,0.9873417721518987,0.8,0.7000000000000001
12,7200,patient3,impaired_01,impaired,144,117,0.8205128205128205,0.8064859117490698,1.0,0.787878787878788,0.631578947368421
12,7200,patient3,impaired_02,impaired,144,117,0.6581196581196581,0.6184704184704185,0.9333333333333333,0.6363636363636364,0.2857142857142857
12,7200,patient3,impaired_03,impaired,144,117,0.9572649572649573,0.9570886284865491,1.0,0.9397590361445783,0.9315068493150686
12,7200,patient3,impaired_04,impaired,144,117,0.7692307692307693,0.7432900432900432,0.9870129870129869,0.7428571428571429,0.5
12,7200,patient3,impaired_05,impaired,144,117,0.8803418803418803,0.8783422459893048,1.0,0.8409090909090908,0.7941176470588235
12,7200,patient3,impaired_06,impaired,144,117,0.905982905982906,0.9040751299681368,1.0,0.8764044943820225,0.835820895522388
12,7200,patient4,healthy_01,healthy,144,117,0.9914529914529915,0.9914515863882952,0.9873417721518987,0.9870129870129869,1.0
12,7200,patient4,healthy_02,healthy,144,117,0.8034188034188035,0.7907831242655788,0.951219512195122,0.7659574468085106,0.6551724137931034
12,7200,patient4,impaired_01,impaired,144,117,0.8034188034188035,0.787387132323841,0.9873417721518987,0.7676767676767675,0.6071428571428571
12,7200,patient4,impaired_02,impaired,144,117,0.9829059829059829,0.9828947368421052,0.975,0.9736842105263158,1.0
12,7200,patient4,impaired_03,impaired,144,117,0.9743589743589743,0.9743209876543211,1.0,0.962962962962963,0.9600000000000001
12,7200,patient4,impaired_04,impaired,144,117,0.6752136752136753,0.5673639066487751,0.8666666666666666,0.7378640776699028,0.09756097560975609
12,7200,patient4,impaired_05,impaired,144,117,0.8717948717948718,0.8638447971781305,0.962962962962963,0.8666666666666666,0.761904761904762
12,7200,patient4,impaired_06,impaired,144,117,0.7777777777777778,0.75,1.0,0.7499999999999999,0.5
12,7200,patient4,impaired_07,impaired,144,117,0.9401709401709402,0.9396851698425849,1.0,0.9176470588235294,0.9014084507042254
12,7200,patient5,healthy_01,healthy,144,117,0.8803418803418803,0.8763586956521738,1.0,0.8478260869565216,0.7812500000000001
12,7200,patient5,healthy_02,healthy,144,117,0.7350427350427351,0.7051987767584098,0.9600000000000001,0.7155963302752294,0.44000000000000006
12,7200,patient5,impaired_01,impaired,144,117,0.6666666666666666,0.6084820810848208,0.9315068493150686,0.6666666666666666,0.22727272727272727
12,7200,patient5,impaired_02,impaired,144,117,0.8034188034188035,0.7944109727614882,0.9870129870129869,0.7628865979381444,0.6333333333333333
12,7200,patient5,impaired_03,impaired,144,117,0.9487179487179487,0.9484945434312523,0.9873417721518987,0.9230769230769231,0.935064935064935
12,7200,patient6,healthy_01,healthy,144,117,0.9316239316239316,0.9324425404596762,0.9166666666666666,0.9069767441860465,0.9736842105263158
12,7200,patient6,impaired_01,impaired,144,117,0.6581196581196581,0.5615670532262861,0.9736842105263158,0.6610169491525424,0.05
12,7200,patient6,impaired_02,impaired,144,117,0.7606837606837606,0.7400366928668816,0.9610389610389611,0.7307692307692307,0.5283018867924528
12,7200,patient6,impaired_03,impaired,144,117,0.8034188034188035,0.7871672771672772,0.9743589743589743,0.78,0.6071428571428571
12,7200,patient6,impaired_04,impaired,144,117,0.8974358974358975,0.8949494949494948,1.0,0.8666666666666666,0.8181818181818181
12,7200,patient7,healthy_01,healthy,144,117,0.811965811965812,0.8092457187118717,0.7301587301587301,0.7608695652173912,0.9367088607594937
12,7200,patient7,healthy_02,healthy,144,117,0.8888888888888888,0.8857142857142858,1.0,0.8571428571428571,0.8
12,7200,patient7,impaired_01,impaired,144,117,0.8632478632478633,0.8599326599326601,1.0,0.8222222222222223,0.7575757575757577
12,7200,patient7,impaired_02,impaired,144,117,0.8717948717948718,0.8698412698412699,0.9743589743589743,0.8351648351648352,0.8
12,7200,patient7,impaired_03,impaired,144,117,0.811965811965812,0.8128673835125447,0.7419354838709677,0.78,0.9166666666666666
12,7200,patient7,impaired_04,impaired,144,117,0.8632478632478633,0.8540137679922625,0.962962962962963,0.8571428571428571,0.7419354838709677
12,7200,patient7,impaired_05,impaired,144,117,0.8888888888888888,0.888158327682452,0.8235294117647058,0.853932584269663,0.9870129870129869
12,7200,patient7,impaired_06,impaired,144,117,0.9914529914529915,0.9914515863882952,1.0,0.9870129870129869,0.9873417721518987
12,7200,patient7,impaired_07,impaired,144,117,0.9401709401709402,0.9396851698425849,1.0,0.9176470588235294,0.9014084507042254
12,7200,patient7,impaired_08,impaired,144,117,0.8803418803418803,0.8791102077687444,0.8611111111111112,0.8250000000000001,0.951219512195122
12,7200,patient7,impaired_09,impaired,144,117,0.8461538461538461,0.8448015873015874,0.761904761904762,0.8125000000000001,0.9600000000000001
12,7200,patient8,healthy_01,healthy,144,117,0.9487179487179487,0.9486842105263157,1.0,0.9249999999999999,0.9210526315789475
12,7200,patient8,impaired_01,impaired,144,117,0.9743589743589743,0.9745533868340885,0.9736842105263158,0.962962962962963,0.9870129870129869
12,7200,patient8,impaired_02,impaired,144,117,0.7777777777777778,0.75,1.0,0.7499999999999999,0.5
12,7200,patient9,healthy_01,healthy,144,117,0.9743589743589743,0.9741139240506329,0.9873417721518987,0.975,0.9600000000000001
12,7200,patient9,impaired_01,impaired,144,117,0.8717948717948718,0.8698024999504764,0.9873417721518987,0.8333333333333333,0.7887323943661971
12,7200,patient9,impaired_02,impaired,144,117,0.8974358974358975,0.8947947046377308,0.975,0.8735632183908045,0.835820895522388
12,7200,patient9,impaired_03,impaired,144,117,0.9230769230769231,0.9207374254049446,0.975,0.9176470588235294,0.8695652173913044
12,7200,patient9,impaired_04,impaired,144,117,0.8632478632478633,0.8566842202512935,0.8863636363636364,0.9024390243902439,0.7812500000000001
12,7200,patient9,impaired_05,impaired,144,117,0.7606837606837606,0.7252830188679246,1.0,0.7358490566037735,0.44000000000000006
12,7200,patient9,impaired_06,impaired,144,117,0.8888888888888888,0.884902666511862,0.962962962962963,0.8735632183908045,0.8181818181818181
12,7200,patient10,healthy_01,healthy,144,117,0.9401709401709402,0.9399240798811684,1.0,0.9156626506024097,0.9041095890410958
12,7200,patient10,healthy_02,healthy,144,117,0.8547008547008547,0.8505494505494505,1.0,0.8131868131868132,0.7384615384615384
12,7200,patient10,impaired_01,impaired,144,117,0.5555555555555556,0.5224948532044397,0.326530612244898,0.609375,0.631578947368421
12,7200,patient10,impaired_02,impaired,144,117,0.7777777777777778,0.7591885238944062,0.9870129870129869,0.7450980392156863,0.5454545454545454
12,7200,patient10,impaired_03,impaired,144,117,0.8290598290598291,0.8233695652173912,1.0,0.7826086956521738,0.6875
12,7200,patient10,impaired_04,impaired,144,117,0.6581196581196581,0.567793693809954,0.962962962962963,0.6428571428571428,0.09756097560975609
12,7200,patient10,impaired_05,impaired,144,117,0.7008547008547008,0.6356356356356357,1.0,0.6846846846846847,0.2222222222222222
12,7200,patient10,impaired_06,impaired,144,117,0.8034188034188035,0.8038443301601198,0.945945945945946,0.7578947368421053,0.7076923076923076
12,7200,patient10,impaired_07,impaired,144,117,0.7008547008547008,0.6254373327845235,1.0,0.6902654867256637,0.18604651162790695
12,7200,patient10,impaired_08,impaired,144,117,0.8461538461538461,0.8410326086956522,1.0,0.8043478260869565,0.71875
12,7200,patient11,healthy_01,healthy,144,117,1.0,1.0,1.0,1.0,1.0
12,7200,patient11,healthy_02,healthy,144,117,0.8974358974358975,0.8963455149501659,1.0,0.8604651162790696,0.8285714285714285
12,7200,patient11,impaired_01,impaired,144,117,0.8461538461538461,0.831350517735184,0.8764044943820225,0.9176470588235294,0.7000000000000001
12,7200,patient11,impaired_02,impaired,144,117,0.8376068376068376,0.8303788994510644,0.9870129870129869,0.8041237113402061,0.7000000000000001
12,7200,patient11,impaired_03,impaired,144,117,0.6581196581196581,0.5404609815820292,0.8387096774193548,0.7326732673267325,0.05
12,7200,patient11,impaired_04,impaired,144,117,0.8205128205128205,0.80938770240369,0.962962962962963,0.7872340425531915,0.6779661016949152
12,7200,patient12,healthy_01,healthy,144,117,0.8034188034188035,0.7880559985823142,1.0,0.7676767676767675,0.5964912280701755
12,7200,patient12,healthy_02,healthy,144,117,0.7350427350427351,0.6925364390960721,0.9870129870129869,0.7155963302752294,0.375
12,7200,patient12,impaired_01,impaired,144,117,0.9829059829059829,0.9829045778412867,0.9873417721518987,0.9870129870129869,0.9743589743589743
12,7200,patient12,impaired_02,impaired,144,117,0.8290598290598291,0.8215511324639669,1.0,0.7872340425531915,0.6774193548387096
12,7200,patient12,impaired_03,impaired,144,117,0.8376068376068376,0.8332137093441561,0.951219512195122,0.7865168539325842,0.761904761904762
12,7200,patient12,impaired_04,impaired,144,117,0.905982905982906,0.9047143095119106,1.0,0.8735632183908045,0.8405797101449275
12,7200,patient12,impaired_05,impaired,144,117,0.8803418803418803,0.8823836075978059,0.8888888888888888,0.8372093023255814,0.9210526315789475
12,7200,patient12,impaired_06,impaired,144,117,0.6581196581196581,0.6541772403841369,0.5454545454545454,0.6551724137931034,0.761904761904762
12,7200,patient12,impaired_07,impaired,144,117,0.9487179487179487,0.9489255266680758,0.9397590361445783,0.9736842105263158,0.9333333333333333
12,7200,patient12,impaired_08,impaired,144,117,0.717948717948718,0.6634782608695652,0.8478260869565216,0.7826086956521738,0.36000000000000004
12,7200,patient12,impaired_09,impaired,144,117,0.6923076923076923,0.6047619047619047,0.975,0.6964285714285715,0.14285714285714288
12,7200,patient13,healthy_01,healthy,144,117,0.7692307692307693,0.7677113463277268,0.6774193548387096,0.7524752475247525,0.8732394366197183
12,7200,patient13,healthy_02,healthy,144,117,0.7350427350427351,0.6853406207300411,1.0,0.7155963302752294,0.3404255319148936
12,7200,patient13,impaired_01,impaired,144,117,0.9401709401709402,0.9396851698425849,0.9176470588235294,0.9014084507042254,1.0
12,7200,patient13,impaired_02,impaired,144,117,0.9487179487179487,0.94855929658655,0.9315068493150686,0.9268292682926831,0.9873417721518987
12,7200,patient13,impaired_03,impaired,144,117,0.9145299145299145,0.9136212624584719,1.0,0.8837209302325582,0.8571428571428572
12,7200,patient14,healthy_01,healthy,144,117,0.8205128205128205,0.8064859117490698,1.0,0.787878787878788,0.631578947368421
12,7200,patient14,healthy_02,healthy,144,117,0.8205128205128205,0.8127163394184969,0.9397590361445783,0.7906976744186047,0.7076923076923076
12,7200,patient14,impaired_01,impaired,144,117,0.7435897435897436,0.7166586499919833,0.962962962962963,0.7142857142857142,0.4727272727272727
12,7200,patient14,impaired_02,impaired,144,117,0.6752136752136753,0.6034498207885305,0.8125000000000001,0.7311827956989246,0.2666666666666667
12,7200,patient15,healthy_01,healthy,144,117,0.6666666666666666,0.6326881785162443,0.9166666666666666,0.6548672566371682,0.326530612244898
12,7200,patient15,healthy_02,healthy,144,117,0.9145299145299145,0.9135426399252538,0.9873417721518987,0.8837209302325582,0.8695652173913044
12,7200,patient15,impaired_01,impaired,144,117,0.9658119658119658,0.965721819380356,1.0,0.951219512195122,0.945945945945946
12,7200,patient16,healthy_01,healthy,144,117,0.9230769230769231,0.9220389805097451,1.0,0.896551724137931,0.8695652173913044
12,7200,patient16,healthy_02,healthy,144,117,0.9743589743589743,0.9743209876543211,0.962962962962963,1.0,0.9600000000000001
12,7200,patient16,impaired_01,impaired,144,117,0.9829059829059829,0.9828947368421054,1.0,0.975,0.9736842105263158
12,7200,patient16,impaired_02,impaired,144,117,0.9658119658119658,0.965721819380356,1.0,0.951219512195122,0.945945945945946
12,7200,patient17,healthy_01,healthy,144,117,0.8803418803418803,0.8763586956521738,1.0,0.8478260869565216,0.7812500000000001
12,7200,patient17,healthy_02,healthy,144,117,0.8376068376068376,0.8291139240506329,0.9873417721518987,0.8,0.7000000000000001
12,7200,patient17,impaired_01,impaired,144,117,0.9230769230769231,0.9216613112351316,0.9382716049382716,0.9500000000000001,0.8767123287671232
12,7200,patient17,impaired_02,impaired,144,117,0.6752136752136753,0.5644931143188984,0.7959183673469388,0.8,0.09756097560975609
12,7200,patient17,impaired_03,impaired,144,117,0.7094017094017094,0.6391057340424429,0.9873417721518987,0.7027027027027027,0.22727272727272727
12,7200,patient17,impaired_04,impaired,144,117,0.7521367521367521,0.7190990320178704,0.7499999999999999,0.9367088607594937,0.47058823529411764
12,7200,patient17,impaired_05,impaired,144,117,0.811965811965812,0.7957142857142857,1.0,0.78,0.6071428571428571
12,7200,patient17,impaired_06,impaired,144,117,0.8034188034188035,0.7888409961685824,0.975,0.7708333333333334,0.6206896551724138
12,7200,patient17,impaired_07,impaired,144,117,0.6837606837606838,0.606862025006543,0.951219512195122,0.6915887850467289,0.17777777777777778
12,7200,patient17,impaired_08,impaired,144,117,0.7521367521367521,0.722442278544036,0.9873417721518987,0.7184466019417476,0.4615384615384615
12,7200,patient17,impaired_09,impaired,144,117,0.6581196581196581,0.5517241379310345,1.0,0.6551724137931034,0.0
12,7200,patient17,impaired_10,impaired,144,117,0.8717948717948718,0.8681318681318682,1.0,0.8351648351648352,0.7692307692307693
12,7200,patient17,impaired_11,impaired,144,117,0.7264957264957265,0.6860377358490566,1.0,0.6981132075471698,0.36000000000000004
12,7200,patient17,impaired_12,impaired,144,117,0.6324786324786325,0.5625707564573985,0.9041095890410958,0.6440677966101694,0.13953488372093026
12,7200,patient18,healthy_01,healthy,144,117,0.905982905982906,0.9056394215512942,0.9069767441860465,0.9210526315789475,0.8888888888888888
12,7200,patient18,healthy_02,healthy,144,117,0.811965811965812,0.8013888888888889,1.0,0.7708333333333334,0.6333333333333333
12,7200,patient18,impaired_01,impaired,144,117,0.7863247863247863,0.780326998217063,0.9333333333333333,0.7524752475247525,0.6551724137931034
12,7200,patient18,impaired_02,impaired,144,117,0.7521367521367521,0.7268484269708261,0.9069767441860465,0.7472527472527474,0.5263157894736842
12,7200,patient19,healthy_01,healthy,144,117,0.9914529914529915,0.9914515863882952,0.9870129870129869,0.9873417721518987,1.0
12,7200,patient19,healthy_02,healthy,144,117,0.9230769230769231,0.922759531275788,1.0,0.891566265060241,0.8767123287671232
12,7200,patient19,impaired_01,impaired,144,117,0.7008547008547008,0.6193667945605931,0.962962962962963,0.7090909090909091,0.18604651162790695
12,7200,patient19,impaired_02,impaired,144,117,0.6239316239316239,0.5048433048433049,0.6923076923076924,0.8222222222222223,0.0
12,7200,patient19,impaired_03,impaired,144,117,0.6153846153846154,0.5273121222488311,0.9873417721518987,0.5945945945945945,0.0
12,7200,patient19,impaired_04,impaired,144,117,0.6410256410256411,0.5377342770191457,0.7777777777777778,0.7378640776699028,0.09756097560975609
12,7200,patient19,impaired_05,impaired,144,117,0.6666666666666666,0.6011522168308483,0.9873417721518987,0.6422018348623854,0.17391304347826086
12,7200,patient20,healthy_01,healthy,144,117,0.8974358974358975,0.8957219251336898,1.0,0.8636363636363635,0.8235294117647058
12,7200,patient20,impaired_01,impaired,144,117,0.6666666666666666,0.6011522168308483,0.9873417721518987,0.6422018348623854,0.17391304347826086
12,7200,patient20,impaired_02,impaired,144,117,0.8290598290598291,0.8194444444444443,1.0,0.7916666666666666,0.6666666666666666
12,7200,patient21,healthy_01,healthy,144,117,0.9401709401709402,0.9396396396396396,0.975,0.9249999999999999,0.9189189189189189
12,7200,patient21,impaired_01,impaired,144,117,0.8632478632478633,0.8609625668449198,1.0,0.8181818181818182,0.7647058823529411
12,7200,patient21,impaired_02,impaired,144,117,0.8547008547008547,0.8499284207353828,0.8571428571428571,0.9113924050632911,0.7812500000000001
12,7200,patient21,impaired_03,impaired,144,117,0.9487179487179487,0.9490259740259739,0.9870129870129869,0.9249999999999999,0.935064935064935
12,7200,patient22,healthy_01,healthy,144,117,0.9316239316239316,0.9312169312169312,1.0,0.9047619047619048,0.8888888888888888
12,7200,patient22,healthy_02,healthy,144,117,0.8547008547008547,0.8474547023295944,1.0,0.8210526315789474,0.7213114754098361
12,7200,patient22,impaired_01,impaired,144,117,0.8717948717948718,0.8668714797747056,1.0,0.8387096774193548,0.761904761904762
12,7200,patient22,impaired_02,impaired,144,117,0.9658119658119658,0.9653153153153154,0.975,0.945945945945946,0.975
12,7200,patient22,impaired_03,impaired,144,117,0.7008547008547008,0.6520804118788441,0.9736842105263158,0.6846846846846847,0.2978723404255319
12,7200,patient22,impaired_04,impaired,144,117,0.7863247863247863,0.7696260854155591,1.0,0.7474747474747475,0.5614035087719298
12,7200,patient23,healthy_01,healthy,144,117,0.9487179487179487,0.9484126984126985,1.0,0.9285714285714286,0.9166666666666666
12,7200,patient23,healthy_02,healthy,144,117,0.9145299145299145,0.9144736842105262,1.0,0.875,0.868421052631579
12,7200,patient23,impaired_01,impaired,144,117,0.8974358974358975,0.8968253968253969,1.0,0.8571428571428571,0.8333333333333333
12,7200,patient23,impaired_02,impaired,144,117,0.8547008547008547,0.8474547023295944,1.0,0.8210526315789474,0.7213114754098361
12,7200,patient24,healthy_01,healthy,144,117,0.9829059829059829,0.982905982905983,1.0,0.9743589743589743,0.9743589743589743
12,7200,patient24,healthy_02,healthy,144,117,0.9914529914529915,0.9914515863882952,1.0,0.9873417721518987,0.9870129870129869
12,7200,patient24,impaired_01,impaired,144,117,0.9145299145299145,0.9147665489128904,0.9743589743589743,0.878048780487805,0.8918918918918919
12,7200,patient24,impaired_02,impaired,144,117,0.7948717948717948,0.7820373454896116,0.9176470588235294,0.7727272727272728,0.6557377049180326
12,7200,patient24,impaired_03,impaired,144,117,0.7692307692307693,0.742810038468584,1.0,0.7378640776699028,0.4905660377358491
12,7200,patient25,healthy_01,healthy,144,117,0.9914529914529915,0.9914515863882952,1.0,0.9870129870129869,0.9873417721518987
12,7200,patient25,healthy_02,healthy,144,117,0.717948717948718,0.6864357375908531,0.962962962962963,0.6732673267326732,0.4230769230769231
12,7200,patient25,impaired_01,impaired,144,117,0.7264957264957265,0.6690953095046949,0.9873417721518987,0.7155963302752294,0.30434782608695654
12,7200,patient25,impaired_02,impaired,144,117,0.6666666666666666,0.5660704457897633,0.9873417721518987,0.6608695652173913,0.05
12,7200,patient25,impaired_03,impaired,144,117,0.8803418803418803,0.8735391524483286,0.962962962962963,0.8764044943820225,0.7812500000000001
12,7200,patient25,impaired_04,impaired,144,117,0.7863247863247863,0.7601165137657642,0.9873417721518987,0.7647058823529412,0.5283018867924528
12,7200,patient25,impaired_05,impaired,144,117,0.7008547008547008,0.617979797979798,0.8666666666666666,0.76,0.22727272727272727
12,7200,patient25,impaired_06,impaired,144,117,0.7094017094017094,0.6908139724112844,0.8219178082191781,0.7222222222222222,0.5283018867924528
12,7200,patient25,impaired_07,impaired,144,117,0.7692307692307693,0.7400326797385621,0.975,0.7450980392156863,0.5
12,7200,patient25,impaired_08,impaired,144,117,0.9658119658119658,0.965721819380356,0.951219512195122,1.0,0.945945945945946
12,7200,patient26,healthy_01,healthy,144,117,0.7777777777777778,0.7563003656448891,0.951219512195122,0.7659574468085106,0.5517241379310346
12,7200,patient26,healthy_02,healthy,144,117,0.8376068376068376,0.8293665281617089,0.9397590361445783,0.8181818181818182,0.7301587301587301
12,7200,patient26,impaired_01,impaired,144,117,0.6495726495726496,0.6162762977531439,0.8529411764705882,0.6554621848739496,0.3404255319148936
12,7200,patient26,impaired_02,impaired,144,117,0.7606837606837606,0.7252830188679246,1.0,0.7358490566037735,0.44000000000000006
12,7200,patient26,impaired_03,impaired,144,117,0.8376068376068376,0.8422360248447206,0.8571428571428572,0.8,0.8695652173913044
12,7200,patient26,impaired_04,impaired,144,117,0.7435897435897436,0.7056603773584905,1.0,0.7169811320754718,0.3999999999999999
12,7200,patient26,impaired_05,impaired,144,117,0.8974358974358975,0.8969501271075422,0.8717948717948718,0.9176470588235294,0.9014084507042254
12,7200,patient26,impaired_06,impaired,144,117,0.7350427350427351,0.692542437535762,1.0,0.7102803738317757,0.3673469387755102
12,7200,patient26,impaired_07,impaired,144,117,0.8974358974358975,0.8949494949494948,1.0,0.8666666666666666,0.8181818181818181
12,7200,patient27,healthy_01,healthy,144,117,0.9145299145299145,0.9140342938022755,0.9873417721518987,0.878048780487805,0.8767123287671232
12,7200,patient27,healthy_02,healthy,144,117,0.9572649572649573,0.9566893778873631,0.9873417721518987,0.9315068493150686,0.951219512195122
12,7200,patient27,impaired_01,impaired,144,117,0.6410256410256411,0.5893522626441882,0.8857142857142858,0.6782608695652175,0.2040816326530612
12,7200,patient27,impaired_02,impaired,144,117,0.6581196581196581,0.5823458671559938,0.9620253164556962,0.6486486486486487,0.13636363636363635
12,7200,patient27,impaired_03,impaired,144,117,0.9230769230769231,0.9224523612261807,1.0,0.8941176470588235,0.8732394366197183
12,7200,patient27,impaired_04,impaired,144,117,0.7863247863247863,0.7687483636850724,0.9873417721518987,0.7474747474747475,0.5714285714285713
12,7200,patient27,impaired_05,impaired,144,117,0.7777777777777778,0.7585714285714286,1.0,0.74,0.5357142857142858
12,7200,patient27,impaired_06,impaired,144,117,0.8461538461538461,0.8430150805629731,0.8275862068965517,0.9135802469135802,0.7878787878787878
12,7200,patient28,healthy_01,healthy,144,117,0.8461538461538461,0.8404277699859749,0.975,0.8043478260869565,0.7419354838709677
12,7200,patient28,healthy_02,healthy,144,117,0.9145299145299145,0.911639306885545,0.975,0.9069767441860465,0.8529411764705882
12,7200,patient28,impaired_01,impaired,144,117,0.9316239316239316,0.9308970099667774,1.0,0.9069767441860465,0.8857142857142858
12,7200,patient28,impaired_02,impaired,144,117,0.7777777777777778,0.7759546389683377,0.8571428571428572,0.8131868131868132,0.6575342465753424
12,7200,patient28,impaired_03,impaired,144,117,0.8034188034188035,0.7944109727614882,0.9870129870129869,0.7628865979381444,0.6333333333333333
12,7200,patient28,impaired_04,impaired,144,117,0.9572649572649573,0.9571396846546746,0.9873417721518987,0.9367088607594937,0.9473684210526315
12,7200,patient28,impaired_05,impaired,144,117,0.8461538461538461,0.839054628619869,0.9873417721518987,0.8085106382978723,0.7213114754098361
12,7200,patient28,impaired_06,impaired,144,117,0.6068376068376068,0.5226917057902973,0.9014084507042254,0.6666666666666666,0.0
12,7200,patient28,impaired_07,impaired,144,117,0.7948717948717948,0.7636056523709471,0.8387096774193548,0.896551724137931,0.5555555555555556
12,7200,patient29,healthy_01,healthy,144,117,0.9230769230769231,0.9220389805097451,1.0,0.896551724137931,0.8695652173913044
12,7200,patient29,healthy_02,healthy,144,117,0.6752136752136753,0.6381935184062715,0.8493150684931507,0.6902654867256637,0.375
12,7200,patient29,impaired_01,impaired,144,117,0.6666666666666666,0.652742974092747,0.835820895522388,0.6608695652173913,0.4615384615384615
12,7200,patient29,impaired_02,impaired,144,117,0.7521367521367521,0.7186616498766031,0.9870129870129869,0.7289719626168224,0.44000000000000006
12,7200,patient29,impaired_03,impaired,144,117,0.8547008547008547,0.858085022195651,0.8529411764705882,0.8172043010752689,0.9041095890410958
12,7200,patient29,impaired_04,impaired,144,117,0.8717948717948718,0.8746928781944944,0.9315068493150686,0.8314606741573033,0.8611111111111112
12,7200,patient30,healthy_01,healthy,144,117,0.9572649572649573,0.957034632034632,0.975,0.935064935064935,0.9610389610389611
12,7200,patient30,healthy_02,healthy,144,117,0.905982905982906,0.9053891622829345,0.9397590361445783,0.9014084507042254,0.875
12,7200,patient30,impaired_01,impaired,144,117,0.8376068376068376,0.827363271011707,1.0,0.8041237113402061,0.6779661016949152
12,7200,patient30,impaired_02,impaired,144,117,0.9230769230769231,0.9241923820237073,0.945945945945946,0.891566265060241,0.935064935064935
12,7200,patient31,healthy_01,healthy,144,117,1.0,1.0,1.0,1.0,1.0
12,7200,patient31,healthy_02,healthy,144,117,0.7606837606837606,0.7438423645320197,1.0,0.7142857142857142,0.5172413793103449
12,7200,patient31,impaired_01,impaired,144,117,0.8376068376068376,0.8374844333748442,0.7397260273972601,0.9870129870129869,0.7857142857142856
12,7200,patient31,impaired_02,impaired,144,117,0.6837606837606838,0.6727716727716727,0.6593406593406593,0.8974358974358975,0.46153846153846156
12,7200,patient31,impaired_03,impaired,144,117,0.8974358974358975,0.894650543144087,0.9024390243902439,0.9285714285714286,0.8529411764705882
12,7200,patient31,impaired_04,impaired,144,117,0.6837606837606838,0.665656025206587,0.5555555555555556,0.8571428571428571,0.5842696629213484
12,7200,patient31,impaired_05,impaired,144,117,0.8205128205128205,0.8153650002965072,0.8051948051948051,0.9285714285714286,0.7123287671232877
12,7200,patient31,impaired_06,impaired,144,117,0.8290598290598291,0.8189671101256467,0.8181818181818182,0.951219512195122,0.6875
12,7200,patient32,healthy_01,healthy,144,117,0.8632478632478633,0.8572409059711736,1.0,0.8297872340425533,0.7419354838709677
12,7200,patient32,healthy_02,healthy,144,117,0.7521367521367521,0.746395692200799,0.631578947368421,0.7128712871287128,0.8947368421052632
12,7200,patient32,impaired_01,impaired,144,117,0.7777777777777778,0.7585714285714286,1.0,0.74,0.5357142857142858
12,7200,patient32,impaired_02,impaired,144,117,0.7094017094017094,0.6412337662337663,1.0,0.6964285714285715,0.22727272727272727
12,7200,patient32,impaired_03,impaired,144,117,0.8290598290598291,0.817030260380014,1.0,0.7959183673469388,0.6551724137931034
12,7200,patient32,impaired_04,impaired,144,117,0.7948717948717948,0.7734204793028322,1.0,0.7647058823529412,0.5555555555555556
12,7200,patient32,impaired_05,impaired,144,117,0.7264957264957265,0.6711462450592885,1.0,0.7090909090909091,0.30434782608695654
12,7200,patient32,impaired_06,impaired,144,117,0.7948717948717948,0.7734204793028322,1.0,0.7647058823529412,0.5555555555555556
12,7200,patient32,impaired_07,impaired,144,117,0.811965811965812,0.7987332864180154,1.0,0.7755102040816326,0.6206896551724138
12,7200,patient32,impaired_08,impaired,144,117,0.9401709401709402,0.9396851698425849,1.0,0.9176470588235294,0.9014084507042254
12,7200,patient32,impaired_09,impaired,144,117,0.7606837606837606,0.7514651787192771,0.5901639344262295,0.7291666666666667,0.935064935064935
12,7200,patient32,impaired_10,impaired,144,117,0.9743589743589743,0.9742465691832781,0.9873417721518987,0.9743589743589743,0.9610389610389611
12,7200,patient32,impaired_11,impaired,144,117,0.7264957264957265,0.6711462450592885,1.0,0.7090909090909091,0.30434782608695654
12,7200,patient32,impaired_12,impaired,144,117,0.9401709401709402,0.9401611047180668,1.0,0.9090909090909091,0.9113924050632911
12,7200,patient33,healthy_01,healthy,144,117,0.9230769230769231,0.9220389805097451,1.0,0.896551724137931,0.8695652173913044
12,7200,patient33,healthy_02,healthy,144,117,0.905982905982906,0.9065513074332143,0.9736842105263158,0.8764044943820225,0.8695652173913044
12,7200,patient33,impaired_01,impaired,144,117,0.8034188034188035,0.7927053789122755,0.935064935064935,0.787878787878788,0.6551724137931034
12,7200,patient33,impaired_02,impaired,144,117,0.8034188034188035,0.7880559985823142,1.0,0.7676767676767675,0.5964912280701755
12,7200,patient33,impaired_03,impaired,144,117,0.6923076923076923,0.643868236758145,0.9610389610389611,0.6788990825688073,0.29166666666666663
12,7200,patient33,impaired_04,impaired,144,117,0.8888888888888888,0.8872276359356297,0.9736842105263158,0.8764044943820225,0.8115942028985509
12,7200,patient33,impaired_05,impaired,144,117,0.7948717948717948,0.7937908496732026,0.9166666666666666,0.7647058823529412,0.7000000000000001
12,7200,patient33,impaired_06,impaired,144,117,0.7435897435897436,0.6990740740740741,1.0,0.7222222222222222,0.375
12,7200,patient34,healthy_01,healthy,144,117,0.7948717948717948,0.7924894948511244,0.6885245901639344,0.7722772277227723,0.9166666666666666
12,7200,patient34,healthy_02,healthy,144,117,1.0,1.0,1.0,1.0,1.0
12,7200,patient34,impaired_01,impaired,144,117,0.8888888888888888,0.8857142857142858,1.0,0.8571428571428571,0.8
12,7200,patient34,impaired_02,impaired,144,117,0.8461538461538461,0.8402748208076076,0.9870129870129869,0.8125000000000001,0.7213114754098361
12,7200,patient34,impaired_03,impaired,144,117,0.6666666666666666,0.5793650793650794,0.9285714285714286,0.6666666666666667,0.14285714285714288
12,7200,patient34,impaired_04,impaired,144,117,0.7008547008547008,0.6467359951038673,0.962962962962963,0.6728971962616822,0.30434782608695654
12,7200,patient34,impaired_05,impaired,144,117,0.9230769230769231,0.922759531275788,1.0,0.891566265060241,0.8767123287671232
12,7200,patient34,impaired_06,impaired,144,117,0.7692307692307693,0.7378151260504202,1.0,0.7428571428571429,0.47058823529411764
12,7200,patient35,healthy_01,healthy,144,117,0.9572649572649573,0.9575435264324152,0.9743589743589743,0.9382716049382716,0.9600000000000001
12,7200,patient35,healthy_02,healthy,144,117,0.9401709401709402,0.9406625430017242,0.9473684210526315,0.9135802469135802,0.9610389610389611
12,7200,patient35,impaired_01,impaired,144,117,0.7094017094017094,0.6874769031781227,0.7073170731707318,0.8863636363636364,0.46875
12,7200,patient35,impaired_02,impaired,144,117,0.7777777777777778,0.7653776708468305,0.9230769230769231,0.7628865979381444,0.6101694915254238
12,7200,patient35,impaired_03,impaired,144,117,0.9316239316239316,0.9312169312169312,1.0,0.9047619047619048,0.8888888888888888
12,7200,patient35,impaired_04,impaired,144,117,0.7264957264957265,0.6644143274515104,0.8764044943820225,0.7835051546391754,0.3333333333333333
12,7200,patient35,impaired_05,impaired,144,117,0.5641025641025641,0.5472606134023457,0.5818181818181819,0.5984251968503937,0.4615384615384615
12,7200,patient35,impaired_06,impaired,144,117,0.7435897435897436,0.7284503491400044,0.9610389610389611,0.7070707070707071,0.5172413793103449
12,7200,patient36,healthy_01,healthy,144,117,0.9572649572649573,0.9572579319414762,1.0,0.935064935064935,0.9367088607594937
12,7200,patient36,healthy_02,healthy,144,117,0.8205128205128205,0.8245310245310247,0.8857142857142858,0.787878787878788,0.8
12,7200,patient36,impaired_01,impaired,144,117,0.6410256410256411,0.543859649122807,1.0,0.631578947368421,0.0
12,7200,patient36,impaired_02,impaired,144,117,0.9829059829059829,0.983008658008658,0.9870129870129869,0.975,0.9870129870129869
12,7200,patient36,impaired_03,impaired,144,117,0.7521367521367521,0.7341093474426809,0.9600000000000001,0.7238095238095238,0.5185185185185185
12,7200,patient36,impaired_04,impaired,144,117,0.7094017094017094,0.6412337662337663,1.0,0.6964285714285715,0.22727272727272727
12,7200,patient37,healthy_01,healthy,144,117,0.9572649572649573,0.9571864410120389,0.9873417721518987,0.9382716049382716,0.945945945945946
12,7200,patient37,healthy_02,healthy,144,117,1.0,1.0,1.0,1.0,1.0
12,7200,patient37,impaired_01,impaired,144,117,0.9829059829059829,0.9828947368421054,1.0,0.975,0.9736842105263158
12,7200,patient37,impaired_02,impaired,144,117,0.9230769230769231,0.9220389805097451,1.0,0.896551724137931,0.8695652173913044
12,7200,patient37,impaired_03,impaired,144,117,0.8974358974358975,0.8960905349794239,0.962962962962963,0.8641975308641975,0.8611111111111112
12,7200,patient37,impaired_04,impaired,144,117,0.8632478632478633,0.8572409059711736,1.0,0.8297872340425533,0.7419354838709677
12,7200,patient38,healthy_01,healthy,144,117,0.6923076923076923,0.6267343767343767,0.9743589743589743,0.6785714285714285,0.22727272727272727
12,7200,patient38,healthy_02,healthy,144,117,0.7521367521367521,0.7186616498766031,0.9870129870129869,0.7289719626168224,0.44000000000000006
12,7200,patient38,impaired_01,impaired,144,117,0.9316239316239316,0.9308970099667774,1.0,0.9069767441860465,0.8857142857142858
12,7200,patient38,impaired_02,impaired,144,117,0.905982905982906,0.9058291367136944,0.9743589743589743,0.8735632183908045,0.8695652173913044
12,7200,patient38,impaired_03,impaired,144,117,0.7094017094017094,0.6548443370907139,0.975,0.6851851851851853,0.30434782608695654
12,7200,patient38,impaired_04,impaired,144,117,0.9316239316239316,0.9308970099667774,1.0,0.9069767441860465,0.8857142857142858
12,7200,patient39,healthy_01,healthy,144,117,0.6837606837606838,0.5919406150583245,1.0,0.6782608695652175,0.09756097560975609
12,7200,patient39,impaired_01,impaired,144,117,0.8803418803418803,0.8783422459893048,1.0,0.8409090909090908,0.7941176470588235
12,7200,patient39,impaired_02,impaired,144,117,0.8974358974358975,0.8993948048415613,0.9166666666666666,0.8604651162790696,0.9210526315789475
12,7200,patient39,impaired_03,impaired,144,117,0.8888888888888888,0.8879867439933721,1.0,0.8470588235294118,0.8169014084507042
12,7200,patient39,impaired_04,impaired,144,117,0.7777777777777778,0.75,1.0,0.7499999999999999,0.5
12,7200,patient40,healthy_01,healthy,144,117,0.9487179487179487,0.9486486486486486,0.975,0.9249999999999999,0.945945945945946
12,7200,patient40,healthy_02,healthy,144,117,0.9914529914529915,0.9914515863882952,1.0,0.9873417721518987,0.9870129870129869
12,7200,patient40,impaired_01,impaired,144,117,0.8547008547008547,0.8474547023295944,1.0,0.8210526315789474,0.7213114754098361
12,7200,patient40,impaired_02,impaired,144,117,0.9829059829059829,0.9828947368421054,1.0,0.975,0.9736842105263158
12,7200,patient40,impaired_03,impaired,144,117,0.7948717948717948,0.7988097317194406,0.8059701492537313,0.7722772277227723,0.8181818181818181
12,7200,patient40,impaired_04,impaired,144,117,0.7008547008547008,0.6423701399793658,0.9873417721518987,0.6788990825688073,0.2608695652173913
12,7200,patient40,impaired_05,impaired,144,117,0.7692307692307693,0.7378151260504202,1.0,0.7428571428571429,0.47058823529411764
12,7200,patient40,impaired_06,impaired,144,117,0.7094017094017094,0.6412337662337663,1.0,0.6964285714285715,0.22727272727272727
12,7200,patient40,impaired_07,impaired,144,117,0.5299145299145299,0.5022781518601219,0.4081632653061224,0.5801526717557252,0.5185185185185185
12,7200,patient40,impaired_08,impaired,144,117,0.8803418803418803,0.8763586956521738,1.0,0.8478260869565216,0.7812500000000001
12,7200,patient40,impaired_09,impaired,144,117,0.8803418803418803,0.8774410774410774,1.0,0.8444444444444443,0.7878787878787878
12,7200,patient40,impaired_10,impaired,144,117,0.9230769230769231,0.9246681731329819,0.945945945945946,0.896551724137931,0.9315068493150686
12,7200,patient40,impaired_11,impaired,144,117,0.7863247863247863,0.765976597659766,1.0,0.7524752475247525,0.5454545454545454
12,7200,patient41,healthy_01,healthy,144,117,0.8803418803418803,0.8812156608263032,0.835820895522388,0.8478260869565216,0.9600000000000001
12,7200,patient41,healthy_02,healthy,144,117,0.7606837606837606,0.7445644024591394,0.9473684210526315,0.7307692307692307,0.5555555555555556
12,7200,patient41,impaired_01,impaired,144,117,0.6923076923076923,0.646358165114577,0.9382716049382716,0.660377358490566,0.3404255319148936
12,7200,patient41,impaired_02,impaired,144,117,0.7863247863247863,0.7878537058612721,0.9014084507042254,0.7524752475247525,0.7096774193548387
12,7200,patient41,impaired_03,impaired,144,117,0.7777777777777778,0.7621393384940184,1.0,0.7346938775510206,0.5517241379310346
12,7200,patient42,healthy_01,healthy,144,117,0.8803418803418803,0.8763586956521738,1.0,0.8478260869565216,0.7812500000000001
12,7200,patient42,healthy_02,healthy,144,117,0.8717948717948718,0.8708637694097044,0.9870129870129869,0.8314606741573033,0.7941176470588235
12,7200,patient42,impaired_01,impaired,144,117,0.9914529914529915,0.9914515863882952,1.0,0.9873417721518987,0.9870129870129869
12,7200,patient42,impaired_02,impaired,144,117,0.8376068376068376,0.8232693375412757,0.8636363636363635,0.9176470588235294,0.6885245901639344
12,7200,patient42,impaired_03,impaired,144,117,0.7350427350427351,0.6742594910304547,0.9176470588235294,0.7647058823529412,0.3404255319148936
12,7200,patient43,healthy_01,healthy,144,117,0.9572649572649573,0.9578144155569648,0.9736842105263158,0.9397590361445783,0.9600000000000001
12,7200,patient43,healthy_02,healthy,144,117,0.9829059829059829,0.9828947368421054,1.0,0.975,0.9736842105263158
12,7200,patient43,impaired_01,impaired,144,117,0.8803418803418803,0.8805526889118219,0.9736842105263158,0.8444444444444443,0.8235294117647058
12,7200,patient43,impaired_02,impaired,144,117,0.9914529914529915,0.9914515863882952,1.0,0.9870129870129869,0.9873417721518987
12,7200,patient44,healthy_01,healthy,144,117,0.9914529914529915,0.9914515863882952,1.0,0.9870129870129869,0.9873417721518987
12,7200,patient44,healthy_02,healthy,144,117,1.0,1.0,1.0,1.0,1.0
12,7200,patient44,impaired_01,impaired,144,117,0.9487179487179487,0.9487614824200191,0.951219512195122,0.9600000000000001,0.935064935064935
12,7200,patient44,impaired_02,impaired,144,117,0.8888888888888888,0.8873896385140764,1.0,0.8505747126436781,0.8115942028985509
12,7200,patient44,impaired_03,impaired,144,117,0.8717948717948718,0.8668714797747056,1.0,0.8387096774193548,0.761904761904762
12,7200,patient44,impaired_04,impaired,144,117,0.9316239316239316,0.9308970099667774,1.0,0.9069767441860465,0.8857142857142858
12,7200,patient45,healthy_01,healthy,144,117,1.0,1.0,1.0,1.0,1.0
12,7200,patient45,healthy_02,healthy,144,117,0.9743589743589743,0.9743209876543211,0.962962962962963,0.9600000000000001,1.0
12,7200,patient45,impaired_01,impaired,144,117,0.9145299145299145,0.9128674254511931,0.9873417721518987,0.8941176470588235,0.8571428571428572
12,7200,patient45,impaired_02,impaired,144,117,0.7863247863247863,0.7511250668584813,0.8863636363636364,0.8387096774193548,0.5283018867924528
12,7200,patient46,healthy_01,healthy,144,117,0.905982905982906,0.9040751299681368,1.0,0.8764044943820225,0.835820895522388
12,7200,patient46,healthy_02,healthy,144,117,0.6923076923076923,0.6645940807753791,0.9014084507042254,0.6842105263157895,0.4081632653061224
12,7200,patient46,impaired_01,impaired,144,117,0.7350427350427351,0.7031492738141379,0.9873417721518987,0.6990291262135923,0.4230769230769231
12,7200,patient46,impaired_02,impaired,144,117,0.7692307692307693,0.7378151260504202,1.0,0.7428571428571429,0.47058823529411764
12,7200,patient46,impaired_03,impaired,144,117,0.8461538461538461,0.8402748208076076,0.9870129870129869,0.8125000000000001,0.7213114754098361
12,7200,patient46,impaired_04,impaired,144,117,0.7777777777777778,0.75,1.0,0.7499999999999999,0.5
12,7200,patient46,impaired_05,impaired,144,117,0.7521367521367521,0.7389203206034889,0.8571428571428572,0.7524752475247525,0.6071428571428571
12,7200,patient46,impaired_06,impaired,144,117,0.9829059829059829,0.9827892516100377,0.9873417721518987,0.9873417721518987,0.9736842105263158
12,7200,patient46,impaired_07,impaired,144,117,0.7008547008547008,0.6356356356356357,1.0,0.6846846846846847,0.2222222222222222
12,7200,patient46,impaired_08,impaired,144,117,0.6923076923076923,0.6591417388873357,0.9315068493150686,0.6785714285714285,0.3673469387755102
12,7200,patient46,impaired_09,impaired,144,117,0.8290598290598291,0.8189915135044935,0.9873417721518987,0.7916666666666666,0.6779661016949152
12,7200,patient46,impaired_10,impaired,144,117,0.8461538461538461,0.8438356164383561,0.8571428571428571,0.9315068493150686,0.7428571428571428
12,7200,patient47,healthy_01,healthy,144,117,0.9572649572649573,0.9570886284865491,1.0,0.9397590361445783,0.9315068493150686
12,7200,patient47,healthy_02,healthy,144,117,0.9230769230769231,0.9220389805097451,1.0,0.896551724137931,0.8695652173913044
12,7200,patient47,impaired_01,impaired,144,117,0.9487179487179487,0.9494005283478968,0.9736842105263158,0.9285714285714286,0.945945945945946
12,7200,patient47,impaired_02,impaired,144,117,0.9230769230769231,0.9222701460191441,0.962962962962963,0.9024390243902439,0.9014084507042254
12,7200,patient47,impaired_03,impaired,144,117,0.8205128205128205,0.8064859117490698,1.0,0.787878787878788,0.631578947368421
12,7200,patient47,impaired_04,impaired,144,117,0.8888888888888888,0.8874458874458874,0.8181818181818181,0.8571428571428571,0.9870129870129869
12,7200,patient47,impaired_05,impaired,144,117,0.717948717948718,0.7192627026526978,0.8169014084507042,0.6857142857142856,0.6551724137931034
12,7200,patient48,healthy_01,healthy,144,117,0.8717948717948718,0.8743859010683371,0.8529411764705882,0.8387096774193548,0.9315068493150686
12,7200,patient48,healthy_02,healthy,144,117,0.9401709401709402,0.9396851698425849,0.9176470588235294,0.9014084507042254,1.0
12,7200,patient48,impaired_01,impaired,144,117,0.6923076923076923,0.6659119496855346,0.660377358490566,0.9600000000000001,0.3773584905660377
24,14400,patient1,healthy_01,healthy,288,117,0.9658119658119658,0.965721819380356,0.951219512195122,1.0,0.945945945945946
24,14400,patient1,healthy_02,healthy,288,117,0.9145299145299145,0.9131016042780749,1.0,0.8863636363636364,0.8529411764705882
24,14400,patient1,impaired_01,impaired,288,117,0.7777777777777778,0.7585714285714286,1.0,0.74,0.5357142857142858
24,14400,patient1,impaired_02,impaired,288,117,0.8717948717948718,0.8668714797747056,1.0,0.8387096774193548,0.761904761904762
24,14400,patient1,impaired_03,impaired,288,117,0.8632478632478633,0.8609625668449198,1.0,0.8181818181818182,0.7647058823529411
24,14400,patient1,impaired_04,impaired,288,117,1.0,1.0,1.0,1.0,1.0
24,14400,patient1,impaired_05,impaired,288,117,0.8290598290598291,0.817030260380014,1.0,0.7959183673469388,0.6551724137931034
24,14400,patient1,impaired_06,impaired,288,117,0.7948717948717948,0.7734204793028322,1.0,0.7647058823529412,0.5555555555555556
24,14400,patient2,healthy_01,healthy,288,117,0.8376068376068376,0.827363271011707,1.0,0.8041237113402061,0.6779661016949152
24,14400,patient2,healthy_02,healthy,288,117,0.717948717948718,0.6524209989806321,0.975,0.7155963302752294,0.2666666666666667
24,14400,patient2,impaired_01,impaired,288,117,0.7435897435897436,0.7056603773584905,1.0,0.7169811320754718,0.3999999999999999
24,14400,patient2,impaired_02,impaired,288,117,0.6752136752136753,0.6367144293614883,0.975,0.6274509803921569,0.3076923076923077
24,14400,patient2,impaired_03,impaired,288,117,0.9572649572649573,0.9570886284865491,1.0,0.9397590361445783,0.9315068493150686
24,14400,patient2,impaired_04,impaired,288,117,0.9230769230769231,0.9224523612261807,1.0,0.8941176470588235,0.8732394366197183
24,14400,patient2,impaired_05,impaired,288,117,0.9316239316239316,0.9308970099667774,1.0,0.9069767441860465,0.8857142857142858
24,14400,patient2,impaired_06,impaired,288,117,0.6666666666666666,0.5555555555555555,1.0,0.6666666666666666,0.0
24,14400,patient3,healthy_01,healthy,288,117,0.8290598290598291,0.8194444444444443,1.0,0.7916666666666666,0.6666666666666666
24,14400,patient3,healthy_02,healthy,288,117,0.6752136752136753,0.5741379310344827,1.0,0.6724137931034482,0.05
24,14400,patient3,impaired_01,impaired,288,117,0.6666666666666666,0.5698833510074232,1.0,0.6608695652173913,0.048780487804878044
24,14400,patient3,impaired_02,impaired,288,117,0.7948717948717948,0.7928224472003275,0.945945945945946,0.7551020408163266,0.6774193548387096
24,14400,patient3,impaired_03,impaired,288,117,0.6923076923076923,0.5914098972922502,0.8666666666666666,0.7647058823529412,0.14285714285714288
24,14400,patient3,impaired_04,impaired,288,117,0.811965811965812,0.7957142857142857,1.0,0.78,0.6071428571428571
24,14400,patient3,impaired_05,impaired,288,117,0.8803418803418803,0.8762159750111559,0.9397590361445783,0.888888888888889,0.8
24,14400,patient3,impaired_06,impaired,288,117,0.8717948717948718,0.8668714797747056,1.0,0.8387096774193548,0.761904761904762
24,14400,patient4,healthy_01,healthy,288,117,0.9829059829059829,0.9828947368421054,1.0,0.9736842105263158,0.975
24,14400,patient4,healthy_02,healthy,288,117,0.811965811965812,0.8003352490421456,0.975,0.7708333333333334,0.6551724137931034
24,14400,patient4,impaired_01,impaired,288,117,0.8888888888888888,0.8857142857142858,1.0,0.8571428571428571,0.8
24,14400,patient4,impaired_02,impaired,288,117,0.9829059829059829,0.9829045778412867,0.9873417721518987,0.9870129870129869,0.9743589743589743
24,14400,patient4,impaired_03,impaired,288,117,0.9829059829059829,0.9828947368421054,1.0,0.975,0.9736842105263158
24,14400,patient4,impaired_04,impaired,288,117,0.9658119658119658,0.9657894736842105,1.0,0.9500000000000001,0.9473684210526315
24,14400,patient4,impaired_05,impaired,288,117,0.7863247863247863,0.7680976430976432,0.975,0.7474747474747475,0.5818181818181819
24,14400,patient4,impaired_06,impaired,288,117,0.8205128205128205,0.8064859117490698,1.0,0.787878787878788,0.631578947368421
24,14400,patient4,impaired_07,impaired,288,117,0.8376068376068376,0.8295081967213115,1.0,0.8,0.6885245901639344
24,14400,patient5,healthy_01,healthy,288,117,0.7863247863247863,0.765976597659766,1.0,0.7524752475247525,0.5454545454545454
24,14400,patient5,healthy_02,healthy,288,117,0.7692307692307693,0.7378151260504202,1.0,0.7428571428571429,0.47058823529411764
24,14400,patient5,impaired_01,impaired,288,117,0.8376068376068376,0.827363271011707,1.0,0.8041237113402061,0.6779661016949152
24,14400,patient5,impaired_02,impaired,288,117,0.6410256410256411,0.543859649122807,1.0,0.631578947368421,0.0
24,14400,patient5,impaired_03,impaired,288,117,0.9145299145299145,0.9131016042780749,1.0,0.8863636363636364,0.8529411764705882
24,14400,patient6,healthy_01,healthy,288,117,0.905982905982906,0.9054971356545507,0.8974358974358975,0.9176470588235294,0.9014084507042254
24,14400,patient6,impaired_01,impaired,288,117,0.7777777777777778,0.75,1.0,0.7499999999999999,0.5
24,14400,patient6,impaired_02,impaired,288,117,0.7435897435897436,0.7056603773584905,1.0,0.7169811320754718,0.3999999999999999
24,14400,patient6,impaired_03,impaired,288,117,0.6581196581196581,0.5580409356725146,0.975,0.6491228070175438,0.05
24,14400,patient6,impaired_04,impaired,288,117,0.811965811965812,0.7957142857142857,1.0,0.78,0.6071428571428571
24,14400,patient7,healthy_01,healthy,288,117,0.9914529914529915,0.9914515863882952,0.9873417721518987,0.9870129870129869,1.0
24,14400,patient7,healthy_02,healthy,288,117,0.9145299145299145,0.9131016042780749,1.0,0.8863636363636364,0.8529411764705882
24,14400,patient7,impaired_01,impaired,288,117,0.9487179487179487,0.9494005283478968,0.9736842105263158,0.9285714285714286,0.945945945945946
24,14400,patient7,impaired_02,impaired,288,117,0.8205128205128205,0.8123855037833533,0.962962962962963,0.7741935483870968,0.7000000000000001
24,14400,patient7,impaired_03,impaired,288,117,0.8547008547008547,0.8569137663586114,0.9315068493150686,0.8210526315789474,0.8181818181818181
24,14400,patient7,impaired_04,impaired,288,117,0.8974358974358975,0.8949494949494948,1.0,0.8666666666666666,0.8181818181818181
24,14400,patient7,impaired_05,impaired,288,117,0.9829059829059829,0.9828947368421054,1.0,0.975,0.9736842105263158
24,14400,patient7,impaired_06,impaired,288,117,0.9572649572649573,0.9571886108471475,0.951219512195122,0.9333333333333333,0.9870129870129869
24,14400,patient7,impaired_07,impaired,288,117,0.8376068376068376,0.8291139240506329,0.9873417721518987,0.8,0.7000000000000001
24,14400,patient7,impaired_08,impaired,288,117,0.8974358974358975,0.8925655017609041,0.962962962962963,0.896551724137931,0.8181818181818181
24,14400,patient7,impaired_09,impaired,288,117,1.0,1.0,1.0,1.0,1.0
24,14400,patient8,healthy_01,healthy,288,117,0.8632478632478633,0.8586956521739131,1.0,0.8260869565217391,0.7500000000000001
24,14400,patient8,impaired_01,impaired,288,117,0.9914529914529915,0.9914515863882952,1.0,0.9870129870129869,0.9873417721518987
24,14400,patient8,impaired_02,impaired,288,117,0.811965811965812,0.7957142857142857,1.0,0.78,0.6071428571428571
24,14400,patient9,healthy_01,healthy,288,117,0.8547008547008547,0.8474547023295944,1.0,0.8210526315789474,0.7213114754098361
24,14400,patient9,impaired_01,impaired,288,117,0.9145299145299145,0.9131016042780749,1.0,0.8863636363636364,0.8529411764705882
24,14400,patient9,impaired_02,impaired,288,117,0.8974358974358975,0.8957219251336898,1.0,0.8636363636363635,0.8235294117647058
24,14400,patient9,impaired_03,impaired,288,117,0.9145299145299145,0.9131016042780749,1.0,0.8863636363636364,0.8529411764705882
24,14400,patient9,impaired_04,impaired,288,117,0.8034188034188035,0.7846984698469847,1.0,0.7722772277227723,0.5818181818181819
24,14400,patient9,impaired_05,impaired,288,117,0.717948717948718,0.6564564564564564,1.0,0.7027027027027027,0.2666666666666667
24,14400,patient9,impaired_06,impaired,288,117,0.9401709401709402,0.9396851698425849,1.0,0.9176470588235294,0.9014084507042254
24,14400,patient10,healthy_01,healthy,288,117,0.9401709401709402,0.940082304526749,1.0,0.9135802469135802,0.9066666666666667
24,14400,patient10,healthy_02,healthy,288,117,0.9743589743589743,0.9743547591648859,1.0,0.9620253164556962,0.9610389610389611
24,14400,patient10,impaired_01,impaired,288,117,0.8205128205128205,0.8064859117490698,1.0,0.787878787878788,0.631578947368421
24,14400,patient10,impaired_02,impaired,288,117,0.6923076923076923,0.6090225563909774,1.0,0.6842105263157895,0.14285714285714288
24,14400,patient10,impaired_03,impaired,288,117,0.811965811965812,0.8037062457103638,1.0,0.7659574468085106,0.6451612903225806
24,14400,patient10,impaired_04,impaired,288,117,0.6923076923076923,0.6201298701298701,1.0,0.6785714285714285,0.18181818181818182
24,14400,patient10,impaired_05,impaired,288,117,0.6666666666666666,0.5555555555555555,1.0,0.6666666666666666,0.0
24,14400,patient10,impaired_06,impaired,288,117,0.7008547008547008,0.6356356356356357,1.0,0.6846846846846847,0.2222222222222222
24,14400,patient10,impaired_07,impaired,288,117,0.8461538461538461,0.84967904175766,0.9041095890410958,0.8043478260869565,0.8405797101449275
24,14400,patient10,impaired_08,impaired,288,117,0.8376068376068376,0.8420602043634355,0.8529411764705882,0.8,0.8732394366197183
24,14400,patient11,healthy_01,healthy,288,117,1.0,1.0,1.0,1.0,1.0
24,14400,patient11,healthy_02,healthy,288,117,0.8803418803418803,0.8763586956521738,1.0,0.8478260869565216,0.7812500000000001
24,14400,patient11,impaired_01,impaired,288,117,0.7350427350427351,0.6853406207300411,1.0,0.7155963302752294,0.3404255319148936
24,14400,patient11,impaired_02,impaired,288,117,0.8888888888888888,0.8857142857142858,1.0,0.8571428571428571,0.8
24,14400,patient11,impaired_03,impaired,288,117,0.7777777777777778,0.7584880331157535,0.8641975308641975,0.8041237113402061,0.6071428571428571
24,14400,patient11,impaired_04,impaired,288,117,0.9487179487179487,0.9484126984126985,1.0,0.9285714285714286,0.9166666666666666
24,14400,patient12,healthy_01,healthy,288,117,0.7777777777777778,0.7652777777777778,1.0,0.7291666666666667,0.5666666666666667
24,14400,patient12,healthy_02,healthy,288,117,0.6666666666666666,0.5555555555555555,1.0,0.6666666666666666,0.0
24,14400,patient12,impaired_01,impaired,288,117,0.9829059829059829,0.9828947368421054,0.975,1.0,0.9736842105263158
24,14400,patient12,impaired_02,impaired,288,117,0.8376068376068376,0.827363271011707,1.0,0.8041237113402061,0.6779661016949152
24,14400,patient12,impaired_03,impaired,288,117,1.0,1.0,1.0,1.0,1.0
24,14400,patient12,impaired_04,impaired,288,117,0.811965811965812,0.8170409982174688,0.8181818181818181,0.78,0.8529411764705882
24,14400,patient12,impaired_05,impaired,288,117,0.9829059829059829,0.9828947368421054,1.0,0.975,0.9736842105263158
24,14400,patient12,impaired_06,impaired,288,117,0.8717948717948718,0.874920338917807,0.8918918918918919,0.8314606741573033,0.9014084507042254
24,14400,patient12,impaired_07,impaired,288,117,0.9401709401709402,0.9411976682564918,0.9600000000000001,0.9176470588235294,0.945945945945946
24,14400,patient12,impaired_08,impaired,288,117,0.7435897435897436,0.7115384615384616,1.0,0.7115384615384616,0.4230769230769231
24,14400,patient12,impaired_09,impaired,288,117,0.6837606837606838,0.5919406150583245,1.0,0.6782608695652175,0.09756097560975609
24,14400,patient13,healthy_01,healthy,288,117,0.6495726495726496,0.64189985184579,0.7419354838709677,0.6554621848739496,0.5283018867924528
24,14400,patient13,healthy_02,healthy,288,117,0.9230769230769231,0.9224523612261807,1.0,0.8941176470588235,0.8732394366197183
24,14400,patient13,impaired_01,impaired,288,117,1.0,1.0,1.0,1.0,1.0
24,14400,patient13,impaired_02,impaired,288,117,0.9829059829059829,0.982905982905983,1.0,0.9743589743589743,0.9743589743589743
24,14400,patient13,impaired_03,impaired,288,117,0.8034188034188035,0.7880559985823142,1.0,0.7676767676767675,0.5964912280701755
24,14400,patient14,healthy_01,healthy,288,117,0.9658119658119658,0.965721819380356,1.0,0.951219512195122,0.945945945945946
24,14400,patient14,healthy_02,healthy,288,117,0.7606837606837606,0.7307692307692308,1.0,0.7307692307692307,0.4615384615384615
24,14400,patient14,impaired_01,impaired,288,117,0.7521367521367521,0.7286583847063951,0.9249999999999999,0.7326732673267325,0.5283018867924528
24,14400,patient14,impaired_02,impaired,288,117,0.7350427350427351,0.6908740486612248,0.9873417721518987,0.7102803738317757,0.375
24,14400,patient15,healthy_01,healthy,288,117,0.8205128205128205,0.8115616911130283,1.0,0.7789473684210526,0.6557377049180326
24,14400,patient15,healthy_02,healthy,288,117,0.8717948717948718,0.8656908736710607,0.9873417721518987,0.8478260869565216,0.761904761904762
24,14400,patient15,impaired_01,impaired,288,117,0.9658119658119658,0.9657894736842105,1.0,0.9500000000000001,0.9473684210526315
24,14400,patient16,healthy_01,healthy,288,117,0.7777777777777778,0.743739837398374,0.951219512195122,0.78,0.5
24,14400,patient16,healthy_02,healthy,288,117,1.0,1.0,1.0,1.0,1.0
24,14400,patient16,impaired_01,impaired,288,117,0.9230769230769231,0.9224523612261807,1.0,0.8941176470588235,0.8732394366197183
24,14400,patient16,impaired_02,impaired,288,117,0.8888888888888888,0.8855107708731159,0.9397590361445783,0.8809523809523809,0.835820895522388
24,14400,patient17,healthy_01,healthy,288,117,0.9487179487179487,0.9484126984126985,1.0,0.9285714285714286,0.9166666666666666
24,14400,patient17,healthy_02,healthy,288,117,0.9230769230769231,0.9220389805097451,1.0,0.896551724137931,0.8695652173913044
24,14400,patient17,impaired_01,impaired,288,117,0.9572649572649573,0.9570886284865491,1.0,0.9315068493150686,0.9397590361445783
24,14400,patient17,impaired_02,impaired,288,117,0.9316239316239316,0.9308970099667774,1.0,0.9069767441860465,0.8857142857142858
24,14400,patient17,impaired_03,impaired,288,117,0.7863247863247863,0.7618611467301704,1.0,0.7572815533980582,0.5283018867924528
24,14400,patient17,impaired_04,impaired,288,117,0.7350427350427351,0.7013745704467352,0.8041237113402061,0.7999999999999999,0.5
24,14400,patient17,impaired_05,impaired,288,117,0.7692307692307693,0.7378151260504202,1.0,0.7428571428571429,0.47058823529411764
24,14400,patient17,impaired_06,impaired,288,117,0.6239316239316239,0.5817445637385084,0.3404255319148936,0.6724137931034482,0.7323943661971831
24,14400,patient17,impaired_07,impaired,288,117,0.7606837606837606,0.7307692307692308,1.0,0.7307692307692307,0.4615384615384615
24,14400,patient17,impaired_08,impaired,288,117,0.8290598290598291,0.8265560843598357,0.9736842105263158,0.7872340425531915,0.71875
24,14400,patient17,impaired_09,impaired,288,117,0.8376068376068376,0.8313705410479604,1.0,0.7956989247311828,0.6984126984126983
24,14400,patient17,impaired_10,impaired,288,117,0.811965811965812,0.7957142857142857,1.0,0.78,0.6071428571428571
24,14400,patient17,impaired_11,impaired,264,117,0.6923076923076923,0.638888888888889,1.0,0.6666666666666667,0.25
24,14400,patient17,impaired_12,impaired,264,117,0.7948717948717948,0.7918711550425105,0.945945945945946,0.7826086956521738,0.6470588235294118
24,14400,patient18,healthy_01,healthy,288,117,0.8205128205128205,0.8064859117490698,1.0,0.787878787878788,0.631578947368421
24,14400,patient18,healthy_02,healthy,288,117,0.8632478632478633,0.8572409059711736,1.0,0.8297872340425533,0.7419354838709677
24,14400,patient18,impaired_01,impaired,288,117,0.8888888888888888,0.8873896385140764,1.0,0.8505747126436781,0.8115942028985509
24,14400,patient18,impaired_02,impaired,288,117,0.8974358974358975,0.8986486486486487,0.945945945945946,0.9,0.8500000000000001
24,14400,patient19,healthy_01,healthy,280,117,1.0,1.0,1.0,1.0,1.0
24,14400,patient19,healthy_02,healthy,264,117,0.9914529914529915,0.9914515863882952,1.0,0.9870129870129869,0.9873417721518987
24,14400,patient19,impaired_01,impaired,288,117,0.8547008547008547,0.8474547023295944,1.0,0.8210526315789474,0.7213114754098361
24,14400,patient19,impaired_02,impaired,288,117,0.7008547008547008,0.6710918433764875,0.6966292134831461,0.8351648351648352,0.48148148148148145
24,14400,patient19,impaired_03,impaired,288,117,0.6666666666666666,0.5555555555555555,1.0,0.6666666666666666,0.0
24,14400,patient19,impaired_04,impaired,288,117,0.5811965811965812,0.5531175934078766,0.5614035087719298,0.7155963302752294,0.38235294117647056
24,14400,patient19,impaired_05,impaired,288,117,0.6153846153846154,0.5871441689623508,0.8,0.628099173553719,0.3333333333333333
24,14400,patient20,healthy_01,healthy,288,117,0.811965811965812,0.7957142857142857,1.0,0.78,0.6071428571428571
24,14400,patient20,impaired_01,impaired,288,117,0.8547008547008547,0.849121010411333,1.0,0.8172043010752689,0.7301587301587301
24,14400,patient20,impaired_02,impaired,288,117,0.7008547008547008,0.6254373327845235,1.0,0.6902654867256637,0.18604651162790695
24,14400,patient21,healthy_01,healthy,288,117,0.9401709401709402,0.9400290320762162,0.975,0.9135802469135802,0.9315068493150686
24,14400,patient21,impaired_01,impaired,288,117,0.9743589743589743,0.974320987654321,1.0,0.9600000000000001,0.962962962962963
24,14400,patient21,impaired_02,impaired,272,117,0.7521367521367521,0.7086734693877551,0.975,0.7428571428571429,0.4081632653061224
24,14400,patient21,impaired_03,impaired,272,117,0.9914529914529915,0.9914515863882952,1.0,0.9870129870129869,0.9873417721518987
24,14400,patient22,healthy_01,healthy,288,117,0.9401709401709402,0.9396851698425849,1.0,0.9176470588235294,0.9014084507042254
24,14400,patient22,healthy_02,healthy,288,117,0.9658119658119658,0.965721819380356,1.0,0.951219512195122,0.945945945945946
24,14400,patient22,impaired_01,impaired,288,117,0.8888888888888888,0.8857142857142858,1.0,0.8571428571428571,0.8
24,14400,patient22,impaired_02,impaired,288,117,0.8974358974358975,0.8963455149501659,1.0,0.8604651162790696,0.8285714285714285
24,14400,patient22,impaired_03,impaired,280,117,0.7435897435897436,0.7167755991285404,1.0,0.7058823529411765,0.4444444444444444
24,14400,patient22,impaired_04,impaired,232,117,0.8974358974358975,0.8963455149501659,1.0,0.8604651162790696,0.8285714285714285
24,14400,patient23,healthy_01,healthy,288,117,0.9914529914529915,0.9914515863882952,1.0,0.9873417721518987,0.9870129870129869
24,14400,patient23,healthy_02,healthy,288,117,0.9914529914529915,0.9914515863882952,1.0,0.9873417721518987,0.9870129870129869
24,14400,patient23,impaired_01,impaired,288,117,0.9658119658119658,0.965721819380356,1.0,0.951219512195122,0.945945945945946
24,14400,patient23,impaired_02,impaired,288,117,0.7350427350427351,0.6853406207300411,1.0,0.7155963302752294,0.3404255319148936
24,14400,patient24,healthy_01,healthy,288,117,0.9829059829059829,0.9828947368421054,1.0,0.975,0.9736842105263158
24,14400,patient24,healthy_02,healthy,288,117,0.9487179487179487,0.9484126984126985,1.0,0.9285714285714286,0.9166666666666666
24,14400,patient24,impaired_01,impaired,288,117,0.8632478632478633,0.8599326599326601,1.0,0.8222222222222223,0.7575757575757577
24,14400,patient24,impaired_02,impaired,288,117,0.7863247863247863,0.7618611467301704,1.0,0.7572815533980582,0.5283018867924528
24,14400,patient24,impaired_03,impaired,288,117,0.8461538461538461,0.8393960192175705,1.0,0.8085106382978723,0.7096774193548387
24,14400,patient25,healthy_01,healthy,288,117,0.9914529914529915,0.9914515863882952,1.0,0.9870129870129869,0.9873417721518987
24,14400,patient25,healthy_02,healthy,288,117,0.7435897435897436,0.7167755991285404,1.0,0.7058823529411765,0.4444444444444444
24,14400,patient25,impaired_01,impaired,288,117,0.7094017094017094,0.6412337662337663,1.0,0.6964285714285715,0.22727272727272727
24,14400,patient25,impaired_02,impaired,288,117,0.6752136752136753,0.5741379310344827,1.0,0.6724137931034482,0.05
24,14400,patient25,impaired_03,impaired,288,117,0.7863247863247863,0.7601165137657642,0.9873417721518987,0.7647058823529412,0.5283018867924528
24,14400,patient25,impaired_04,impaired,288,117,0.7435897435897436,0.6920731707317073,0.951219512195122,0.7499999999999999,0.375
24,14400,patient25,impaired_05,impaired,288,117,0.7948717948717948,0.780436312456017,1.0,0.7551020408163266,0.5862068965517242
24,14400,patient25,impaired_06,impaired,288,117,0.811965811965812,0.7987332864180154,1.0,0.7755102040816326,0.6206896551724138
24,14400,patient25,impaired_07,impaired,288,117,0.8290598290598291,0.8210334682896748,0.9873417721518987,0.7872340425531915,0.6885245901639344
24,14400,patient25,impaired_08,impaired,288,117,0.9743589743589743,0.9743547591648859,1.0,0.9620253164556962,0.9610389610389611
24,14400,patient26,healthy_01,healthy,288,117,0.8632478632478633,0.8586956521739131,1.0,0.8260869565217391,0.7500000000000001
24,14400,patient26,healthy_02,healthy,288,117,0.9658119658119658,0.9657894736842105,1.0,0.9500000000000001,0.9473684210526315
24,14400,patient26,impaired_01,impaired,288,117,0.905982905982906,0.9047143095119106,1.0,0.8735632183908045,0.8405797101449275
24,14400,patient26,impaired_02,impaired,288,117,0.6324786324786325,0.5311725311725312,0.9610389610389611,0.6324786324786326,0.0
24,14400,patient26,impaired_03,impaired,288,117,0.9829059829059829,0.982905982905983,1.0,0.9743589743589743,0.9743589743589743
24,14400,patient26,impaired_04,impaired,288,117,0.7094017094017094,0.694949494949495,0.9090909090909091,0.6666666666666666,0.509090909090909
24,14400,patient26,impaired_05,impaired,288,117,0.9572649572649573,0.9571886108471475,0.951219512195122,0.9333333333333333,0.9870129870129869
24,14400,patient26,impaired_06,impaired,288,117,0.7777777777777778,0.7545388525780683,1.0,0.7450980392156863,0.5185185185185185
24,14400,patient26,impaired_07,impaired,288,117,0.9829059829059829,0.982905982905983,1.0,0.9743589743589743,0.9743589743589743
24,14400,patient27,healthy_01,healthy,288,117,0.9230769230769231,0.9225989753670095,0.9873417721518987,0.891566265060241,0.8888888888888888
24,14400,patient27,healthy_02,healthy,288,117,0.9401709401709402,0.9387224956162679,0.975,0.9014084507042254,0.9397590361445783
24,14400,patient27,impaired_01,impaired,288,117,0.8974358974358975,0.8956489643865716,0.9870129870129869,0.8764044943820225,0.8235294117647058
24,14400,patient27,impaired_02,impaired,288,117,0.905982905982906,0.9052195526097764,1.0,0.8705882352941177,0.8450704225352113
24,14400,patient27,impaired_03,impaired,288,117,0.9914529914529915,0.9914515863882952,1.0,0.9870129870129869,0.9873417721518987
24,14400,patient27,impaired_04,impaired,288,117,0.8461538461538461,0.8375,1.0,0.8125000000000001,0.7000000000000001
24,14400,patient27,impaired_05,impaired,288,117,0.7435897435897436,0.6990740740740741,1.0,0.7222222222222222,0.375
24,14400,patient27,impaired_06,impaired,288,117,0.9829059829059829,0.9828947368421054,1.0,0.975,0.9736842105263158
24,14400,patient28,healthy_01,healthy,288,117,0.7435897435897436,0.7100842609033227,0.9873417721518987,0.7115384615384616,0.4313725490196078
24,14400,patient28,healthy_02,healthy,288,117,1.0,1.0,1.0,1.0,1.0
24,14400,patient28,impaired_01,impaired,288,117,0.8205128205128205,0.8209559489999395,0.746268656716418,0.7692307692307692,0.9473684210526315
24,14400,patient28,impaired_02,impaired,288,117,0.9743589743589743,0.9743209876543211,1.0,0.962962962962963,0.9600000000000001
24,14400,patient28,impaired_03,impaired,288,117,0.717948717948718,0.6914976119544143,0.9736842105263158,0.6857142857142856,0.4150943396226415
24,14400,patient28,impaired_04,impaired,288,117,0.9230769230769231,0.9239410915881504,0.9610389610389611,0.8941176470588235,0.9166666666666666
24,14400,patient28,impaired_05,impaired,288,117,0.8974358974358975,0.897823637549665,0.9870129870129869,0.8571428571428571,0.8493150684931507
24,14400,patient28,impaired_06,impaired,288,117,0.9572649572649573,0.9570886284865491,1.0,0.9315068493150686,0.9397590361445783
24,14400,patient28,impaired_07,impaired,288,117,0.9658119658119658,0.9658119658119658,1.0,0.9487179487179487,0.9487179487179487
24,14400,patient29,healthy_01,healthy,288,117,0.8803418803418803,0.8790697674418606,1.0,0.8372093023255814,0.8
24,14400,patient29,healthy_02,healthy,288,117,0.9914529914529915,0.9914515863882952,1.0,0.9873417721518987,0.9870129870129869
24,14400,patient29,impaired_01,impaired,288,117,0.9145299145299145,0.9131016042780749,1.0,0.8863636363636364,0.8529411764705882
24,14400,patient29,impaired_02,impaired,288,117,0.8888888888888888,0.8857142857142858,1.0,0.8571428571428571,0.8
24,14400,patient29,impaired_03,impaired,288,117,0.9914529914529915,0.9914515863882952,1.0,0.9873417721518987,0.9870129870129869
24,14400,patient29,impaired_04,impaired,288,117,0.905982905982906,0.9040751299681368,1.0,0.8764044943820225,0.835820895522388
24,14400,patient30,healthy_01,healthy,288,117,0.9572649572649573,0.9566893778873631,0.951219512195122,0.9315068493150686,0.9873417721518987
24,14400,patient30,healthy_02,healthy,288,117,0.8888888888888888,0.8873896385140764,1.0,0.8505747126436781,0.8115942028985509
24,14400,patient30,impaired_01,impaired,288,117,0.905982905982906,0.9040751299681368,1.0,0.8764044943820225,0.835820895522388
24,14400,patient30,impaired_02,impaired,288,117,0.905982905982906,0.9040751299681368,1.0,0.8764044943820225,0.835820895522388
24,14400,patient31,healthy_01,healthy,288,117,0.9914529914529915,0.9914515863882952,1.0,0.9870129870129869,0.9873417721518987
24,14400,patient31,healthy_02,healthy,288,117,0.9487179487179487,0.9486842105263157,1.0,0.9249999999999999,0.9210526315789475
24,14400,patient31,impaired_01,impaired,288,117,0.8376068376068376,0.8293458590589737,0.6885245901639344,0.9870129870129869,0.8125000000000001
24,14400,patient31,impaired_02,impaired,288,117,0.811965811965812,0.8080954874749061,0.8210526315789474,0.9166666666666666,0.6865671641791046
24,14400,patient31,impaired_03,impaired,288,117,0.8717948717948718,0.8668714797747056,1.0,0.8387096774193548,0.761904761904762
24,14400,patient31,impaired_04,impaired,288,117,0.7863247863247863,0.7746552908726536,0.7901234567901233,0.9069767441860465,0.6268656716417911
24,14400,patient31,impaired_05,impaired,288,117,0.9487179487179487,0.9484126984126985,1.0,0.9285714285714286,0.9166666666666666
24,14400,patient31,impaired_06,impaired,288,117,0.8461538461538461,0.8396978838155308,0.8974358974358975,0.8863636363636364,0.7352941176470588
24,14400,patient32,healthy_01,healthy,288,117,0.8547008547008547,0.8474547023295944,1.0,0.8210526315789474,0.7213114754098361
24,14400,patient32,healthy_02,healthy,288,117,0.9572649572649573,0.9570886284865491,1.0,0.9397590361445783,0.9315068493150686
24,14400,patient32,impaired_01,impaired,288,117,0.7606837606837606,0.7356572258533043,1.0,0.7254901960784315,0.48148148148148145
24,14400,patient32,impaired_02,impaired,288,117,0.6837606837606838,0.5919406150583245,1.0,0.6782608695652175,0.09756097560975609
24,14400,patient32,impaired_03,impaired,288,117,0.9145299145299145,0.9131016042780749,1.0,0.8863636363636364,0.8529411764705882
24,14400,patient32,impaired_04,impaired,288,117,0.9230769230769231,0.922759531275788,1.0,0.891566265060241,0.8767123287671232
24,14400,patient32,impaired_05,impaired,288,117,0.8717948717948718,0.8668714797747056,1.0,0.8387096774193548,0.761904761904762
24,14400,patient32,impaired_06,impaired,288,117,0.9572649572649573,0.9570886284865491,1.0,0.9397590361445783,0.9315068493150686
24,14400,patient32,impaired_07,impaired,288,117,0.9658119658119658,0.965721819380356,1.0,0.951219512195122,0.945945945945946
24,14400,patient32,impaired_08,impaired,288,117,0.8461538461538461,0.8375,1.0,0.8125000000000001,0.7000000000000001
24,14400,patient32,impaired_09,impaired,288,117,0.9914529914529915,0.9914515863882952,1.0,0.9873417721518987,0.9870129870129869
24,14400,patient32,impaired_10,impaired,288,117,0.9914529914529915,0.9914515863882952,1.0,0.9870129870129869,0.9873417721518987
24,14400,patient32,impaired_11,impaired,288,117,0.6923076923076923,0.6090225563909774,1.0,0.6842105263157895,0.14285714285714288
24,14400,patient32,impaired_12,impaired,288,117,0.9743589743589743,0.974320987654321,1.0,0.9600000000000001,0.962962962962963
24,14400,patient33,healthy_01,healthy,288,117,0.9743589743589743,0.974320987654321,1.0,0.9600000000000001,0.962962962962963
24,14400,patient33,healthy_02,healthy,288,117,0.8632478632478633,0.8584444968594666,0.9873417721518987,0.8260869565217391,0.761904761904762
24,14400,patient33,impaired_01,impaired,288,117,0.9829059829059829,0.9828947368421054,1.0,0.975,0.9736842105263158
24,14400,patient33,impaired_02,impaired,288,117,0.8205128205128205,0.8064859117490698,1.0,0.787878787878788,0.631578947368421
24,14400,patient33,impaired_03,impaired,288,117,0.8888888888888888,0.8873896385140764,1.0,0.8505747126436781,0.8115942028985509
24,14400,patient33,impaired_04,impaired,288,117,0.8888888888888888,0.886634244507798,1.0,0.853932584269663,0.8059701492537313
24,14400,patient33,impaired_05,impaired,288,117,0.8888888888888888,0.8857142857142858,1.0,0.8571428571428571,0.8
24,14400,patient33,impaired_06,impaired,288,117,0.7094017094017094,0.6412337662337663,1.0,0.6964285714285715,0.22727272727272727
24,14400,patient34,healthy_01,healthy,288,117,0.9658119658119658,0.965721819380356,1.0,0.951219512195122,0.945945945945946
24,14400,patient34,healthy_02,healthy,288,117,1.0,1.0,1.0,1.0,1.0
24,14400,patient34,impaired_01,impaired,288,117,0.9914529914529915,0.9914515863882952,1.0,0.9870129870129869,0.9873417721518987
24,14400,patient34,impaired_02,impaired,288,117,0.7863247863247863,0.7618611467301704,1.0,0.7572815533980582,0.5283018867924528
24,14400,patient34,impaired_03,impaired,288,117,0.7350427350427351,0.6853406207300411,1.0,0.7155963302752294,0.3404255319148936
24,14400,patient34,impaired_04,impaired,288,117,0.8376068376068376,0.827363271011707,1.0,0.8041237113402061,0.6779661016949152
24,14400,patient34,impaired_05,impaired,288,117,0.8461538461538461,0.8410326086956522,1.0,0.8043478260869565,0.71875
24,14400,patient34,impaired_06,impaired,288,117,0.9487179487179487,0.9485827290705341,1.0,0.9189189189189189,0.9268292682926831
24,14400,patient35,healthy_01,healthy,288,117,0.9914529914529915,0.9914515863882952,1.0,0.9873417721518987,0.9870129870129869
24,14400,patient35,healthy_02,healthy,288,117,0.7948717948717948,0.7734204793028322,1.0,0.7647058823529412,0.5555555555555556
24,14400,patient35,impaired_01,impaired,288,117,0.7435897435897436,0.7303085299455535,0.7,0.9736842105263158,0.5172413793103449
24,14400,patient35,impaired_02,impaired,288,117,0.7521367521367521,0.7350264550264551,0.7428571428571429,0.9066666666666667,0.5555555555555556
24,14400,patient35,impaired_03,impaired,288,117,0.8290598290598291,0.8215511324639669,1.0,0.7872340425531915,0.6774193548387096
24,14400,patient35,impaired_04,impaired,288,117,0.811965811965812,0.8037062457103638,1.0,0.7659574468085106,0.6451612903225806
24,14400,patient35,impaired_05,impaired,288,117,0.7606837606837606,0.7659179395028451,0.8,0.7358490566037735,0.761904761904762
24,14400,patient35,impaired_06,impaired,288,117,0.9230769230769231,0.9230929989550679,0.9870129870129869,0.896551724137931,0.8857142857142858
24,14400,patient36,healthy_01,healthy,288,117,0.8290598290598291,0.817030260380014,1.0,0.7959183673469388,0.6551724137931034
24,14400,patient36,healthy_02,healthy,288,117,0.8717948717948718,0.8668714797747056,1.0,0.8387096774193548,0.761904761904762
24,14400,patient36,impaired_01,impaired,288,117,0.811965811965812,0.8013888888888889,1.0,0.7708333333333334,0.6333333333333333
24,14400,patient36,impaired_02,impaired,288,117,0.9914529914529915,0.9914515863882952,1.0,0.9873417721518987,0.9870129870129869
24,14400,patient36,impaired_03,impaired,288,117,0.9230769230769231,0.9230929989550679,0.9870129870129869,0.896551724137931,0.8857142857142858
24,14400,patient36,impaired_04,impaired,288,117,0.8632478632478633,0.8586956521739131,1.0,0.8260869565217391,0.7500000000000001
24,14400,patient37,healthy_01,healthy,288,117,0.9914529914529915,0.9914515863882952,1.0,0.9873417721518987,0.9870129870129869
24,14400,patient37,healthy_02,healthy,288,117,0.9914529914529915,0.9914515863882952,1.0,0.9873417721518987,0.9870129870129869
24,14400,patient37,impaired_01,impaired,288,117,1.0,1.0,1.0,1.0,1.0
24,14400,patient37,impaired_02,impaired,288,117,0.9487179487179487,0.9485827290705341,1.0,0.9268292682926831,0.9189189189189189
24,14400,patient37,impaired_03,impaired,288,117,0.9230769230769231,0.9229629629629629,1.0,0.888888888888889,0.8799999999999999
24,14400,patient37,impaired_04,impaired,288,117,0.9401709401709402,0.9396851698425849,1.0,0.9176470588235294,0.9014084507042254
24,14400,patient38,healthy_01,healthy,288,117,0.7948717948717948,0.780436312456017,1.0,0.7551020408163266,0.5862068965517242
24,14400,patient38,healthy_02,healthy,288,117,0.9401709401709402,0.9396851698425849,1.0,0.9176470588235294,0.9014084507042254
24,14400,patient38,impaired_01,impaired,288,117,0.905982905982906,0.9040751299681368,1.0,0.8764044943820225,0.835820895522388
24,14400,patient38,impaired_02,impaired,288,117,0.9914529914529915,0.9914515863882952,1.0,0.9870129870129869,0.9873417721518987
24,14400,patient38,impaired_03,impaired,284,117,0.6837606837606838,0.5919406150583245,1.0,0.6782608695652175,0.09756097560975609
24,14400,patient38,impaired_04,impaired,288,117,0.905982905982906,0.9040751299681368,1.0,0.8764044943820225,0.835820895522388
24,14400,patient39,healthy_01,healthy,288,117,0.8461538461538461,0.8375,1.0,0.8125000000000001,0.7000000000000001
24,14400,patient39,impaired_01,impaired,288,117,0.905982905982906,0.9040751299681368,1.0,0.8764044943820225,0.835820895522388
24,14400,patient39,impaired_02,impaired,288,117,0.8974358974358975,0.8957219251336898,1.0,0.8636363636363635,0.8235294117647058
24,14400,patient39,impaired_03,impaired,288,117,0.8717948717948718,0.8668714797747056,1.0,0.8387096774193548,0.761904761904762
24,14400,patient39,impaired_04,impaired,288,117,0.8205128205128205,0.8125727128503436,0.975,0.7741935483870968,0.6885245901639344
24,14400,patient40,healthy_01,healthy,288,117,0.9658119658119658,0.9661959777492513,0.951219512195122,0.9736842105263158,0.9736842105263158
24,14400,patient40,healthy_02,healthy,288,117,0.9316239316239316,0.9308970099667774,1.0,0.9069767441860465,0.8857142857142858
24,14400,patient40,impaired_01,impaired,288,117,0.8717948717948718,0.8668714797747056,1.0,0.8387096774193548,0.761904761904762
24,14400,patient40,impaired_02,impaired,288,117,0.8888888888888888,0.8873896385140764,1.0,0.8505747126436781,0.8115942028985509
24,14400,patient40,impaired_03,impaired,288,117,0.8974358974358975,0.8963455149501659,1.0,0.8604651162790696,0.8285714285714285
24,14400,patient40,impaired_04,impaired,288,117,0.8034188034188035,0.7880559985823142,1.0,0.7676767676767675,0.5964912280701755
24,14400,patient40,impaired_05,impaired,288,117,0.7863247863247863,0.7618611467301704,1.0,0.7572815533980582,0.5283018867924528
24,14400,patient40,impaired_06,impaired,288,117,0.7008547008547008,0.6254373327845235,1.0,0.6902654867256637,0.18604651162790695
24,14400,patient40,impaired_07,impaired,288,117,0.46153846153846156,0.37716445871805165,0.5283018867924528,0.5531914893617021,0.05
24,14400,patient40,impaired_08,impaired,288,117,0.7008547008547008,0.6330997280364369,0.9873417721518987,0.6846846846846847,0.22727272727272727
24,14400,patient40,impaired_09,impaired,288,117,0.9487179487179487,0.9484126984126985,1.0,0.9285714285714286,0.9166666666666666
24,14400,patient40,impaired_10,impaired,288,117,0.8290598290598291,0.8280238280238281,0.9487179487179487,0.7777777777777778,0.7575757575757577
24,14400,patient40,impaired_11,impaired,288,117,0.8803418803418803,0.8763586956521738,1.0,0.8478260869565216,0.7812500000000001
24,14400,patient41,healthy_01,healthy,288,117,0.9743589743589743,0.9743209876543211,1.0,0.962962962962963,0.9600000000000001
24,14400,patient41,healthy_02,healthy,288,117,0.811965811965812,0.8013888888888889,1.0,0.7708333333333334,0.6333333333333333
24,14400,patient41,impaired_01,impaired,288,117,0.6495726495726496,0.6496349902811809,0.7536231884057971,0.6238532110091742,0.5714285714285713
24,14400,patient41,impaired_02,impaired,288,117,0.7948717948717948,0.798016798016798,0.8571428571428572,0.7676767676767675,0.7692307692307693
24,14400,patient41,impaired_03,impaired,288,117,0.6923076923076923,0.6775510204081633,0.9,0.6326530612244898,0.5
24,14400,patient42,healthy_01,healthy,288,117,0.9401709401709402,0.9396851698425849,1.0,0.9176470588235294,0.9014084507042254
24,14400,patient42,healthy_02,healthy,288,117,0.9230769230769231,0.9223912349750026,0.9873417721518987,0.8941176470588235,0.8857142857142858
24,14400,patient42,impaired_01,impaired,288,117,0.9914529914529915,0.9914515863882952,1.0,0.9873417721518987,0.9870129870129869
24,14400,patient42,impaired_02,impaired,288,117,0.9487179487179487,0.9484126984126985,1.0,0.9285714285714286,0.9166666666666666
24,14400,patient42,impaired_03,impaired,288,117,0.7863247863247863,0.7687483636850724,0.9873417721518987,0.7474747474747475,0.5714285714285713
24,14400,patient43,healthy_01,healthy,288,117,0.905982905982906,0.9070513633481294,0.8799999999999999,0.8674698795180724,0.9736842105263158
24,14400,patient43,healthy_02,healthy,288,117,0.9914529914529915,0.9914515863882952,1.0,0.9873417721518987,0.9870129870129869
24,14400,patient43,impaired_01,impaired,288,117,0.8376068376068376,0.8422360248447206,0.8571428571428572,0.8,0.8695652173913044
24,14400,patient43,impaired_02,impaired,288,117,0.9829059829059829,0.9828947368421054,1.0,0.975,0.9736842105263158
24,14400,patient44,healthy_01,healthy,288,117,1.0,1.0,1.0,1.0,1.0
24,14400,patient44,healthy_02,healthy,288,117,1.0,1.0,1.0,1.0,1.0
24,14400,patient44,impaired_01,impaired,288,117,0.9487179487179487,0.9484126984126985,0.9285714285714286,1.0,0.9166666666666666
24,14400,patient44,impaired_02,impaired,288,117,0.9829059829059829,0.9828947368421054,1.0,0.9736842105263158,0.975
24,14400,patient44,impaired_03,impaired,288,117,0.9401709401709402,0.9401611047180668,1.0,0.9113924050632911,0.9090909090909091
24,14400,patient44,impaired_04,impaired,288,117,0.8974358974358975,0.8949494949494948,1.0,0.8666666666666666,0.8181818181818181
24,14400,patient45,healthy_01,healthy,288,117,0.9914529914529915,0.9914515863882952,1.0,0.9873417721518987,0.9870129870129869
24,14400,patient45,healthy_02,healthy,288,117,0.9743589743589743,0.9743209876543211,1.0,0.962962962962963,0.9600000000000001
24,14400,patient45,impaired_01,impaired,288,117,0.9401709401709402,0.9396851698425849,1.0,0.9176470588235294,0.9014084507042254
24,14400,patient45,impaired_02,impaired,288,117,0.811965811965812,0.8013888888888889,1.0,0.7708333333333334,0.6333333333333333
24,14400,patient46,healthy_01,healthy,288,117,0.7521367521367521,0.7123784093076483,1.0,0.7289719626168224,0.4081632653061224
24,14400,patient46,healthy_02,healthy,288,117,0.8290598290598291,0.817030260380014,1.0,0.7959183673469388,0.6551724137931034
24,14400,patient46,impaired_01,impaired,288,117,0.7863247863247863,0.7696260854155591,1.0,0.7474747474747475,0.5614035087719298
24,14400,patient46,impaired_02,impaired,288,117,0.7863247863247863,0.7618611467301704,1.0,0.7572815533980582,0.5283018867924528
24,14400,patient46,impaired_03,impaired,288,117,0.9145299145299145,0.9136212624584719,1.0,0.8837209302325582,0.8571428571428572
24,14400,patient46,impaired_04,impaired,288,117,0.905982905982906,0.9040751299681368,1.0,0.8764044943820225,0.835820895522388
24,14400,patient46,impaired_05,impaired,288,117,0.9316239316239316,0.9308970099667774,1.0,0.9069767441860465,0.8857142857142858
24,14400,patient46,impaired_06,impaired,288,117,0.8803418803418803,0.8763586956521738,1.0,0.8478260869565216,0.7812500000000001
24,14400,patient46,impaired_07,impaired,288,117,0.811965811965812,0.7957142857142857,1.0,0.78,0.6071428571428571
24,14400,patient46,impaired_08,impaired,288,117,0.7948717948717948,0.7771428571428571,1.0,0.76,0.5714285714285713
24,14400,patient46,impaired_09,impaired,288,117,0.9914529914529915,0.9914515863882952,1.0,0.9873417721518987,0.9870129870129869
24,14400,patient46,impaired_10,impaired,288,117,0.8205128205128205,0.8064859117490698,1.0,0.787878787878788,0.631578947368421
24,14400,patient47,healthy_01,healthy,288,117,1.0,1.0,1.0,1.0,1.0
24,14400,patient47,healthy_02,healthy,288,117,0.9743589743589743,0.9743209876543211,1.0,0.962962962962963,0.9600000000000001
24,14400,patient47,impaired_01,impaired,288,117,0.9658119658119658,0.965416893686936,0.962962962962963,0.945945945945946,0.9873417721518987
24,14400,patient47,impaired_02,impaired,288,117,0.8803418803418803,0.8835476627883242,0.9014084507042254,0.8478260869565216,0.9014084507042254
24,14400,patient47,impaired_03,impaired,288,117,0.8034188034188035,0.7846984698469847,1.0,0.7722772277227723,0.5818181818181819
24,14400,patient47,impaired_04,impaired,288,117,0.8376068376068376,0.8293458590589738,0.6885245901639344,0.8125000000000001,0.9870129870129869
24,14400,patient47,impaired_05,impaired,288,117,0.8461538461538461,0.8465653153153153,0.945945945945946,0.8125000000000001,0.7812500000000001
24,14400,patient48,healthy_01,healthy,288,117,0.7692307692307693,0.7378151260504202,1.0,0.7428571428571429,0.47058823529411764
24,14400,patient48,healthy_02,healthy,288,117,0.9829059829059829,0.9828947368421054,0.975,1.0,0.9736842105263158
24,14400,patient48,impaired_01,impaired,288,117,0.6837606837606838,0.6782580603476126,0.5999999999999999,0.9870129870129869,0.44776119402985076
36,21600,patient1,healthy_01,healthy,432,117,0.9829059829059829,0.9828947368421054,1.0,0.975,0.9736842105263158
36,21600,patient1,healthy_02,healthy,432,117,0.9658119658119658,0.965721819380356,1.0,0.951219512195122,0.945945945945946
36,21600,patient1,impaired_01,impaired,432,117,0.7521367521367521,0.7123784093076483,1.0,0.7289719626168224,0.4081632653061224
36,21600,patient1,impaired_02,impaired,432,117,0.9572649572649573,0.9570886284865491,1.0,0.9397590361445783,0.9315068493150686
36,21600,patient1,impaired_03,impaired,432,117,0.9145299145299145,0.9131016042780749,1.0,0.8863636363636364,0.8529411764705882
36,21600,patient1,impaired_04,impaired,432,117,0.9658119658119658,0.965721819380356,1.0,0.951219512195122,0.945945945945946
36,21600,patient1,impaired_05,impaired,432,117,0.8803418803418803,0.8763586956521738,1.0,0.8478260869565216,0.7812500000000001
36,21600,patient1,impaired_06,impaired,432,117,0.905982905982906,0.9040751299681368,1.0,0.8764044943820225,0.835820895522388
36,21600,patient2,healthy_01,healthy,432,117,0.7948717948717948,0.7734204793028322,1.0,0.7647058823529412,0.5555555555555556
36,21600,patient2,healthy_02,healthy,432,117,0.7350427350427351,0.6853406207300411,1.0,0.7155963302752294,0.3404255319148936
36,21600,patient2,impaired_01,impaired,432,117,0.7264957264957265,0.6978939724037763,1.0,0.6862745098039216,0.4074074074074074
36,21600,patient2,impaired_02,impaired,432,117,0.6410256410256411,0.543859649122807,1.0,0.631578947368421,0.0
36,21600,patient2,impaired_03,impaired,432,117,0.905982905982906,0.9055949826704076,1.0,0.8674698795180724,0.8493150684931507
36,21600,patient2,impaired_04,impaired,432,117,0.8461538461538461,0.8375,1.0,0.8125000000000001,0.7000000000000001
36,21600,patient2,impaired_05,impaired,432,117,1.0,1.0,1.0,1.0,1.0
36,21600,patient2,impaired_06,impaired,432,117,0.8803418803418803,0.8763586956521738,1.0,0.8478260869565216,0.7812500000000001
36,21600,patient3,healthy_01,healthy,432,117,0.9658119658119658,0.965721819380356,1.0,0.951219512195122,0.945945945945946
36,21600,patient3,healthy_02,healthy,432,117,0.6666666666666666,0.5555555555555555,1.0,0.6666666666666666,0.0
36,21600,patient3,impaired_01,impaired,432,117,0.6581196581196581,0.5517241379310345,1.0,0.6551724137931034,0.0
36,21600,patient3,impaired_02,impaired,432,117,0.8974358974358975,0.8994422994422995,0.945945945945946,0.8666666666666666,0.8857142857142858
36,21600,patient3,impaired_03,impaired,432,117,0.8376068376068376,0.827363271011707,1.0,0.8041237113402061,0.6779661016949152
36,21600,patient3,impaired_04,impaired,432,117,0.8888888888888888,0.8857142857142858,1.0,0.8571428571428571,0.8
36,21600,patient3,impaired_05,impaired,432,117,0.9914529914529915,0.9914515863882952,1.0,0.9873417721518987,0.9870129870129869
36,21600,patient3,impaired_06,impaired,432,117,0.9401709401709402,0.9396851698425849,1.0,0.9176470588235294,0.9014084507042254
36,21600,patient4,healthy_01,healthy,432,117,1.0,1.0,1.0,1.0,1.0
36,21600,patient4,healthy_02,healthy,424,117,0.8205128205128205,0.8163656267104543,0.9285714285714286,0.7586206896551724,0.761904761904762
36,21600,patient4,impaired_01,impaired,432,117,0.905982905982906,0.9052195526097764,1.0,0.8705882352941177,0.8450704225352113
36,21600,patient4,impaired_02,impaired,432,117,0.9914529914529915,0.9914515863882952,1.0,0.9873417721518987,0.9870129870129869
36,21600,patient4,impaired_03,impaired,432,117,1.0,1.0,1.0,1.0,1.0
36,21600,patient4,impaired_04,impaired,432,117,0.9572649572649573,0.9572016460905349,1.0,0.9382716049382716,0.9333333333333333
36,21600,patient4,impaired_05,impaired,432,117,0.811965811965812,0.7957142857142857,1.0,0.78,0.6071428571428571
36,21600,patient4,impaired_06,impaired,432,117,0.8717948717948718,0.8668714797747056,1.0,0.8387096774193548,0.761904761904762
36,21600,patient4,impaired_07,impaired,432,117,0.7350427350427351,0.692542437535762,1.0,0.7102803738317757,0.3673469387755102
36,21600,patient5,healthy_01,healthy,432,117,0.7264957264957265,0.6790123456790124,1.0,0.7037037037037037,0.3333333333333333
36,21600,patient5,healthy_02,healthy,432,117,0.9145299145299145,0.9131016042780749,1.0,0.8863636363636364,0.8529411764705882
36,21600,patient5,impaired_01,impaired,432,117,0.8547008547008547,0.8474547023295944,1.0,0.8210526315789474,0.7213114754098361
36,21600,patient5,impaired_02,impaired,432,117,0.9487179487179487,0.9484126984126985,1.0,0.9285714285714286,0.9166666666666666
36,21600,patient5,impaired_03,impaired,432,117,0.8888888888888888,0.8857142857142858,1.0,0.8571428571428571,0.8
36,21600,patient6,healthy_01,healthy,432,117,0.9487179487179487,0.9490304216331613,0.9870129870129869,0.9285714285714286,0.9315068493150686
36,21600,patient6,impaired_01,impaired,432,117,0.6666666666666666,0.5555555555555555,1.0,0.6666666666666666,0.0
36,21600,patient6,impaired_02,impaired,432,117,0.7606837606837606,0.7252830188679246,1.0,0.7358490566037735,0.44000000000000006
36,21600,patient6,impaired_03,impaired,432,117,0.6923076923076923,0.6090225563909774,1.0,0.6842105263157895,0.14285714285714288
36,21600,patient6,impaired_04,impaired,432,117,0.8547008547008547,0.8474547023295944,1.0,0.8210526315789474,0.7213114754098361
36,21600,patient7,healthy_01,healthy,432,117,0.9658119658119658,0.9657894736842105,1.0,0.9500000000000001,0.9473684210526315
36,21600,patient7,healthy_02,healthy,432,117,0.9316239316239316,0.9308970099667774,1.0,0.9069767441860465,0.8857142857142858
36,21600,patient7,impaired_01,impaired,432,117,0.9829059829059829,0.9828947368421052,0.9736842105263158,0.975,1.0
36,21600,patient7,impaired_02,impaired,432,117,0.7863247863247863,0.7748081368469718,0.9600000000000001,0.7572815533980582,0.6071428571428571
36,21600,patient7,impaired_03,impaired,432,117,0.9145299145299145,0.9136212624584719,0.8571428571428572,0.8837209302325582,1.0
36,21600,patient7,impaired_04,impaired,432,117,0.8717948717948718,0.8749805204924419,0.9166666666666666,0.8387096774193548,0.8695652173913044
36,21600,patient7,impaired_05,impaired,432,117,0.9829059829059829,0.9829045778412867,0.9873417721518987,0.9743589743589743,0.9870129870129869
36,21600,patient7,impaired_06,impaired,432,117,0.9743589743589743,0.9743477282950966,0.9736842105263158,0.975,0.9743589743589743
36,21600,patient7,impaired_07,impaired,432,117,1.0,1.0,1.0,1.0,1.0
36,21600,patient7,impaired_08,impaired,432,117,0.9316239316239316,0.9311707092060096,0.9873417721518987,0.9047619047619048,0.9014084507042254
36,21600,patient7,impaired_09,impaired,432,117,1.0,1.0,1.0,1.0,1.0
36,21600,patient8,healthy_01,healthy,432,117,0.8547008547008547,0.849121010411333,1.0,0.8172043010752689,0.7301587301587301
36,21600,patient8,impaired_01,impaired,432,117,0.9487179487179487,0.9494005283478968,0.9736842105263158,0.9285714285714286,0.945945945945946
36,21600,patient8,impaired_02,impaired,432,117,0.7948717948717948,0.7734204793028322,1.0,0.7647058823529412,0.5555555555555556
36,21600,patient9,healthy_01,healthy,432,117,0.9230769230769231,0.9220389805097451,1.0,0.896551724137931,0.8695652173913044
36,21600,patient9,impaired_01,impaired,432,117,0.8290598290598291,0.8194444444444443,1.0,0.7916666666666666,0.6666666666666666
36,21600,patient9,impaired_02,impaired,432,117,0.9658119658119658,0.965721819380356,1.0,0.951219512195122,0.945945945945946
36,21600,patient9,impaired_03,impaired,432,117,0.8717948717948718,0.8668714797747056,1.0,0.8387096774193548,0.761904761904762
36,21600,patient9,impaired_04,impaired,432,117,0.7264957264957265,0.6711462450592885,1.0,0.7090909090909091,0.30434782608695654
36,21600,patient9,impaired_05,impaired,432,117,0.7948717948717948,0.7771428571428571,1.0,0.76,0.5714285714285713
36,21600,patient9,impaired_06,impaired,432,117,0.8888888888888888,0.886634244507798,1.0,0.853932584269663,0.8059701492537313
36,21600,patient10,healthy_01,healthy,432,117,0.8803418803418803,0.8790697674418606,1.0,0.8372093023255814,0.8
36,21600,patient10,healthy_02,healthy,432,117,0.9487179487179487,0.9484126984126985,1.0,0.9285714285714286,0.9166666666666666
36,21600,patient10,impaired_01,impaired,432,117,0.7692307692307693,0.7378151260504202,1.0,0.7428571428571429,0.47058823529411764
36,21600,patient10,impaired_02,impaired,432,117,0.7692307692307693,0.7378151260504202,1.0,0.7428571428571429,0.47058823529411764
36,21600,patient10,impaired_03,impaired,432,117,0.8803418803418803,0.8783422459893048,1.0,0.8409090909090908,0.7941176470588235
36,21600,patient10,impaired_04,impaired,432,117,0.7094017094017094,0.6412337662337663,1.0,0.6964285714285715,0.22727272727272727
36,21600,patient10,impaired_05,impaired,432,117,0.7521367521367521,0.7183940242763772,1.0,0.7238095238095238,0.4313725490196078
36,21600,patient10,impaired_06,impaired,432,117,0.8205128205128205,0.8064859117490698,1.0,0.787878787878788,0.631578947368421
36,21600,patient10,impaired_07,impaired,432,117,0.8803418803418803,0.8798109615123079,0.9069767441860465,0.8157894736842105,0.9166666666666666
36,21600,patient10,impaired_08,impaired,432,117,0.905982905982906,0.9052195526097764,1.0,0.8705882352941177,0.8450704225352113
36,21600,patient11,healthy_01,healthy,432,117,0.9572649572649573,0.9572579319414762,1.0,0.9367088607594937,0.935064935064935
36,21600,patient11,healthy_02,healthy,432,117,0.9401709401709402,0.9405094914254842,0.9743589743589743,0.9156626506024097,0.9315068493150686
36,21600,patient11,impaired_01,impaired,432,117,0.7692307692307693,0.7472547254725471,1.0,0.7326732673267325,0.509090909090909
36,21600,patient11,impaired_02,impaired,432,117,0.9230769230769231,0.9224097226062504,0.9870129870129869,0.9069767441860465,0.8732394366197183
36,21600,patient11,impaired_03,impaired,432,117,0.811965811965812,0.816213308276455,0.8767123287671232,0.7659574468085106,0.8059701492537313
36,21600,patient11,impaired_04,impaired,432,117,0.9230769230769231,0.9220389805097451,1.0,0.896551724137931,0.8695652173913044
36,21600,patient12,healthy_01,healthy,432,117,0.6666666666666666,0.6131985504482167,1.0,0.6355140186915887,0.2040816326530612
36,21600,patient12,healthy_02,healthy,432,117,0.6752136752136753,0.5856625852420637,0.9870129870129869,0.6724137931034482,0.09756097560975609
36,21600,patient12,impaired_01,impaired,432,117,0.9829059829059829,0.983008658008658,0.975,0.9870129870129869,0.9870129870129869
36,21600,patient12,impaired_02,impaired,432,117,0.8632478632478633,0.8572409059711736,1.0,0.8297872340425533,0.7419354838709677
36,21600,patient12,impaired_03,impaired,432,117,0.9658119658119658,0.965721819380356,1.0,0.951219512195122,0.945945945945946
36,21600,patient12,impaired_04,impaired,432,117,0.811965811965812,0.7957142857142857,1.0,0.78,0.6071428571428571
36,21600,patient12,impaired_05,impaired,432,117,0.9829059829059829,0.9828947368421054,1.0,0.975,0.9736842105263158
36,21600,patient12,impaired_06,impaired,432,117,0.9914529914529915,0.9914515863882952,1.0,0.9870129870129869,0.9873417721518987
36,21600,patient12,impaired_07,impaired,432,117,0.9145299145299145,0.91449864498645,0.9,0.9268292682926831,0.9166666666666666
36,21600,patient12,impaired_08,impaired,432,117,0.811965811965812,0.7902298850574713,0.8863636363636364,0.8636363636363635,0.6206896551724138
36,21600,patient12,impaired_09,impaired,432,117,0.8205128205128205,0.8198427763645154,0.8405797101449275,0.8351648351648352,0.7837837837837838
36,21600,patient13,healthy_01,healthy,432,117,0.9145299145299145,0.9163254163254163,0.945945945945946,0.8863636363636364,0.9166666666666666
36,21600,patient13,healthy_02,healthy,432,117,0.9145299145299145,0.9131016042780749,1.0,0.8863636363636364,0.8529411764705882
36,21600,patient13,impaired_01,impaired,432,117,0.9658119658119658,0.9660143949617633,0.9743589743589743,0.9500000000000001,0.9736842105263158
36,21600,patient13,impaired_02,impaired,432,117,0.905982905982906,0.9045496506086605,0.9135802469135802,0.9268292682926831,0.8732394366197183
36,21600,patient13,impaired_03,impaired,432,117,0.8376068376068376,0.827363271011707,1.0,0.8041237113402061,0.6779661016949152
36,21600,patient14,healthy_01,healthy,432,117,0.9829059829059829,0.9828947368421054,1.0,0.9736842105263158,0.975
36,21600,patient14,healthy_02,healthy,432,117,0.8290598290598291,0.817030260380014,1.0,0.7959183673469388,0.6551724137931034
36,21600,patient14,impaired_01,impaired,432,117,0.5726495726495726,0.5250558000831026,0.746268656716418,0.6016260162601625,0.22727272727272727
36,21600,patient14,impaired_02,impaired,432,117,0.8376068376068376,0.8306701333803396,0.975,0.7956989247311828,0.7213114754098361
36,21600,patient15,healthy_01,healthy,432,117,0.811965811965812,0.8074074074074075,1.0,0.7555555555555555,0.6666666666666667
36,21600,patient15,healthy_02,healthy,432,117,0.9145299145299145,0.9136212624584719,1.0,0.8837209302325582,0.8571428571428572
36,21600,patient15,impaired_01,impaired,432,117,0.9914529914529915,0.9914515863882952,1.0,0.9873417721518987,0.9870129870129869
36,21600,patient16,healthy_01,healthy,432,117,0.8547008547008547,0.8474547023295944,1.0,0.8210526315789474,0.7213114754098361
36,21600,patient16,healthy_02,healthy,432,117,0.8461538461538461,0.8375,0.8125000000000001,1.0,0.7000000000000001
36,21600,patient16,impaired_01,impaired,432,117,0.9743589743589743,0.9743209876543211,1.0,0.962962962962963,0.9600000000000001
36,21600,patient16,impaired_02,impaired,432,117,0.9914529914529915,0.9914515863882952,0.9873417721518987,0.9870129870129869,1.0
36,21600,patient17,healthy_01,healthy,432,117,0.9401709401709402,0.9396851698425849,1.0,0.9176470588235294,0.9014084507042254
36,21600,patient17,healthy_02,healthy,432,117,0.9316239316239316,0.9308970099667774,1.0,0.9069767441860465,0.8857142857142858
36,21600,patient17,impaired_01,impaired,432,117,0.9743589743589743,0.9743506493506494,0.975,0.9870129870129869,0.9610389610389611
36,21600,patient17,impaired_02,impaired,432,117,0.8376068376068376,0.8295081967213115,1.0,0.8,0.6885245901639344
36,21600,patient17,impaired_03,impaired,432,117,0.811965811965812,0.7987332864180154,1.0,0.7755102040816326,0.6206896551724138
36,21600,patient17,impaired_04,impaired,432,117,0.8803418803418803,0.8813385641091602,0.8666666666666666,0.9041095890410958,0.8732394366197183
36,21600,patient17,impaired_05,impaired,432,117,0.811965811965812,0.7987332864180154,1.0,0.7755102040816326,0.6206896551724138
36,21600,patient17,impaired_06,impaired,432,117,0.5641025641025641,0.4631985461154022,0.0,0.6290322580645161,0.7605633802816902
36,21600,patient17,impaired_07,impaired,432,117,0.811965811965812,0.8057065217391304,1.0,0.7608695652173912,0.6562499999999999
36,21600,patient17,impaired_08,impaired,432,117,0.9829059829059829,0.9828947368421052,0.9736842105263158,0.975,1.0
36,21600,patient17,impaired_09,impaired,432,117,0.8461538461538461,0.8410326086956522,1.0,0.8043478260869565,0.71875
36,21600,patient17,impaired_10,impaired,432,117,0.7948717948717948,0.7771428571428571,1.0,0.76,0.5714285714285713
36,21600,patient17,impaired_11,impaired,372,117,0.7521367521367521,0.7237589302069977,1.0,0.7184466019417476,0.45283018867924535
36,21600,patient17,impaired_12,impaired,372,117,0.7692307692307693,0.7569999209343471,0.945945945945946,0.7676767676767675,0.5573770491803278
36,21600,patient18,healthy_01,healthy,432,117,0.9316239316239316,0.931443638760712,1.0,0.9024390243902439,0.8918918918918919
36,21600,patient18,healthy_02,healthy,432,117,0.9401709401709402,0.9399240798811684,1.0,0.9156626506024097,0.9041095890410958
36,21600,patient18,impaired_01,impaired,432,117,0.8632478632478633,0.8599326599326601,1.0,0.8222222222222223,0.7575757575757577
36,21600,patient18,impaired_02,impaired,432,117,0.8547008547008547,0.856180073047543,0.945945945945946,0.8433734939759037,0.7792207792207793
36,21600,patient19,healthy_01,healthy,412,117,0.9829059829059829,0.9828947368421054,1.0,0.9736842105263158,0.975
36,21600,patient19,healthy_02,healthy,372,117,0.8717948717948718,0.8677932574349048,0.9285714285714286,0.8860759493670887,0.7887323943661971
36,21600,patient19,impaired_01,impaired,432,117,0.9572649572649573,0.9572579319414762,1.0,0.9367088607594937,0.935064935064935
36,21600,patient19,impaired_02,impaired,432,117,0.6923076923076923,0.6871535476718403,0.6562499999999999,0.7954545454545455,0.6097560975609757
36,21600,patient19,impaired_03,impaired,432,117,0.7008547008547008,0.6499401307911946,0.9610389610389611,0.6909090909090908,0.2978723404255319
36,21600,patient19,impaired_04,impaired,432,117,0.5982905982905983,0.5769921436588104,0.6333333333333333,0.7037037037037037,0.3939393939393939
36,21600,patient19,impaired_05,impaired,432,117,0.46153846153846156,0.39926172019195266,0.5714285714285713,0.5333333333333333,0.09302325581395347
36,21600,patient20,healthy_01,healthy,432,117,0.9145299145299145,0.9131016042780749,1.0,0.8863636363636364,0.8529411764705882
36,21600,patient20,impaired_01,impaired,432,117,0.9145299145299145,0.9131016042780749,1.0,0.8863636363636364,0.8529411764705882
36,21600,patient20,impaired_02,impaired,432,117,0.7777777777777778,0.75,1.0,0.7499999999999999,0.5
36,21600,patient21,healthy_01,healthy,432,117,0.8547008547008547,0.850030525030525,0.975,0.8131868131868132,0.761904761904762
36,21600,patient21,impaired_01,impaired,432,117,0.9829059829059829,0.9828947368421054,1.0,0.975,0.9736842105263158
36,21600,patient21,impaired_02,impaired,392,117,0.8205128205128205,0.8153846153846155,1.0,0.7692307692307692,0.676923076923077
36,21600,patient21,impaired_03,impaired,392,117,0.7777777777777778,0.7673611111111112,0.975,0.7333333333333334,0.59375
36,21600,patient22,healthy_01,healthy,432,117,0.9572649572649573,0.9570886284865491,1.0,0.9397590361445783,0.9315068493150686
36,21600,patient22,healthy_02,healthy,432,117,1.0,1.0,1.0,1.0,1.0
36,21600,patient22,impaired_01,impaired,432,117,0.8461538461538461,0.8375,1.0,0.8125000000000001,0.7000000000000001
36,21600,patient22,impaired_02,impaired,432,117,0.9401709401709402,0.940082304526749,1.0,0.9135802469135802,0.9066666666666667
36,21600,patient22,impaired_03,impaired,412,117,0.9487179487179487,0.9486842105263157,1.0,0.9210526315789475,0.9249999999999999
36,21600,patient22,impaired_04,impaired,292,117,0.8888888888888888,0.8876573414175798,0.9873417721518987,0.8470588235294118,0.8285714285714285
36,21600,patient23,healthy_01,healthy,432,117,0.9401709401709402,0.9396851698425849,1.0,0.9176470588235294,0.9014084507042254
36,21600,patient23,healthy_02,healthy,432,117,0.9572649572649573,0.9568917018284107,0.9873417721518987,0.9333333333333333,0.9500000000000001
36,21600,patient23,impaired_01,impaired,432,117,0.9316239316239316,0.9308970099667774,1.0,0.9069767441860465,0.8857142857142858
36,21600,patient23,impaired_02,impaired,432,117,0.6923076923076923,0.6090225563909774,1.0,0.6842105263157895,0.14285714285714288
36,21600,patient24,healthy_01,healthy,432,117,0.9743589743589743,0.9743547591648859,1.0,0.9620253164556962,0.9610389610389611
36,21600,patient24,healthy_02,healthy,432,117,0.8974358974358975,0.8931818181818182,0.975,0.8863636363636364,0.8181818181818181
36,21600,patient24,impaired_01,impaired,432,117,0.8974358974358975,0.8957219251336898,1.0,0.8636363636363635,0.8235294117647058
36,21600,patient24,impaired_02,impaired,432,117,0.7435897435897436,0.722234717848753,0.9736842105263158,0.7115384615384616,0.48148148148148145
36,21600,patient24,impaired_03,impaired,432,117,0.7264957264957265,0.6711462450592885,1.0,0.7090909090909091,0.30434782608695654
36,21600,patient25,healthy_01,healthy,432,117,1.0,1.0,1.0,1.0,1.0
36,21600,patient25,healthy_02,healthy,432,117,0.9316239316239316,0.9308970099667774,1.0,0.9069767441860465,0.8857142857142858
36,21600,patient25,impaired_01,impaired,432,117,0.7435897435897436,0.6990740740740741,1.0,0.7222222222222222,0.375
36,21600,patient25,impaired_02,impaired,432,117,0.8632478632478633,0.8599326599326601,1.0,0.8222222222222223,0.7575757575757577
36,21600,patient25,impaired_03,impaired,432,117,0.7692307692307693,0.7378151260504202,1.0,0.7428571428571429,0.47058823529411764
36,21600,patient25,impaired_04,impaired,432,117,0.7521367521367521,0.7123784093076483,1.0,0.7289719626168224,0.4081632653061224
36,21600,patient25,impaired_05,impaired,432,117,0.6752136752136753,0.6271698113207547,1.0,0.6415094339622641,0.24000000000000002
36,21600,patient25,impaired_06,impaired,432,117,0.8290598290598291,0.8194444444444443,1.0,0.7916666666666666,0.6666666666666666
36,21600,patient25,impaired_07,impaired,432,117,0.8632478632478633,0.8610237118103056,0.975,0.813953488372093,0.7941176470588235
36,21600,patient25,impaired_08,impaired,432,117,0.9316239316239316,0.9308970099667774,1.0,0.9069767441860465,0.8857142857142858
36,21600,patient26,healthy_01,healthy,432,117,0.9401709401709402,0.9396851698425849,1.0,0.9176470588235294,0.9014084507042254
36,21600,patient26,healthy_02,healthy,432,117,0.9914529914529915,0.9914515863882952,1.0,0.9870129870129869,0.9873417721518987
36,21600,patient26,impaired_01,impaired,432,117,0.9316239316239316,0.9308970099667774,1.0,0.9069767441860465,0.8857142857142858
36,21600,patient26,impaired_02,impaired,432,117,0.6581196581196581,0.6139806036831209,0.8947368421052632,0.6428571428571428,0.30434782608695654
36,21600,patient26,impaired_03,impaired,432,117,0.9145299145299145,0.9138445299079994,0.9873417721518987,0.8809523809523809,0.8732394366197183
36,21600,patient26,impaired_04,impaired,432,117,0.7948717948717948,0.7939153439153438,0.9333333333333333,0.7499999999999999,0.6984126984126983
36,21600,patient26,impaired_05,impaired,432,117,0.8632478632478633,0.860381593714927,0.962962962962963,0.8181818181818182,0.8
36,21600,patient26,impaired_06,impaired,432,117,0.7435897435897436,0.6990740740740741,1.0,0.7222222222222222,0.375
36,21600,patient26,impaired_07,impaired,432,117,0.9743589743589743,0.9741139240506329,0.9873417721518987,0.975,0.9600000000000001
36,21600,patient27,healthy_01,healthy,432,117,0.8974358974358975,0.8963455149501659,1.0,0.8604651162790696,0.8285714285714285
36,21600,patient27,healthy_02,healthy,432,117,0.9658119658119658,0.965721819380356,1.0,0.945945945945946,0.951219512195122
36,21600,patient27,impaired_01,impaired,432,117,0.9658119658119658,0.965721819380356,1.0,0.945945945945946,0.951219512195122
36,21600,patient27,impaired_02,impaired,432,117,0.8717948717948718,0.870989132592508,0.9873417721518987,0.8148148148148148,0.8108108108108107
36,21600,patient27,impaired_03,impaired,432,117,0.9572649572649573,0.9566893778873631,0.9873417721518987,0.9315068493150686,0.951219512195122
36,21600,patient27,impaired_04,impaired,432,117,0.8376068376068376,0.8332137093441561,0.951219512195122,0.7865168539325842,0.761904761904762
36,21600,patient27,impaired_05,impaired,432,117,0.7350427350427351,0.692542437535762,1.0,0.7102803738317757,0.3673469387755102
36,21600,patient27,impaired_06,impaired,432,117,0.9572649572649573,0.9572016460905349,1.0,0.9333333333333333,0.9382716049382716
36,21600,patient28,healthy_01,healthy,432,117,0.6666666666666666,0.5555555555555555,1.0,0.6666666666666666,0.0
36,21600,patient28,healthy_02,healthy,432,117,0.9743589743589743,0.9743209876543211,0.962962962962963,1.0,0.9600000000000001
36,21600,patient28,impaired_01,impaired,432,117,0.9914529914529915,0.9914515863882952,1.0,0.9870129870129869,0.9873417721518987
36,21600,patient28,impaired_02,impaired,432,117,0.8888888888888888,0.8900280112044818,0.9600000000000001,0.8571428571428571,0.8529411764705882
36,21600,patient28,impaired_03,impaired,432,117,0.6068376068376068,0.5431312319184173,0.945945945945946,0.5964912280701754,0.08695652173913043
36,21600,patient28,impaired_04,impaired,432,117,0.8632478632478633,0.8595982545349634,0.9873417721518987,0.8222222222222223,0.7692307692307693
36,21600,patient28,impaired_05,impaired,432,117,0.7948717948717948,0.7866546022283728,0.9870129870129869,0.7499999999999999,0.6229508196721312
36,21600,patient28,impaired_06,impaired,432,117,0.9487179487179487,0.9485583684950774,0.9873417721518987,0.9249999999999999,0.9333333333333333
36,21600,patient28,impaired_07,impaired,432,117,0.9230769230769231,0.9203665363085655,0.962962962962963,0.9285714285714286,0.8695652173913044
36,21600,patient29,healthy_01,healthy,432,117,0.9829059829059829,0.9829045778412867,0.9873417721518987,0.9743589743589743,0.9870129870129869
36,21600,patient29,healthy_02,healthy,432,117,0.9914529914529915,0.9914515863882952,1.0,0.9873417721518987,0.9870129870129869
36,21600,patient29,impaired_01,impaired,432,117,0.9572649572649573,0.9570886284865491,1.0,0.9397590361445783,0.9315068493150686
36,21600,patient29,impaired_02,impaired,432,117,0.8205128205128205,0.8086731135280592,0.9873417721518987,0.7835051546391754,0.6551724137931034
36,21600,patient29,impaired_03,impaired,432,117,0.9572649572649573,0.9568917018284107,0.9873417721518987,0.9333333333333333,0.9500000000000001
36,21600,patient29,impaired_04,impaired,432,117,0.9316239316239316,0.9312169312169312,1.0,0.9047619047619048,0.8888888888888888
36,21600,patient30,healthy_01,healthy,432,117,0.9572649572649573,0.9572362869198313,0.9600000000000001,0.9367088607594937,0.975
36,21600,patient30,healthy_02,healthy,432,117,0.811965811965812,0.794121139057848,0.9873417721518987,0.787878787878788,0.6071428571428571
36,21600,patient30,impaired_01,impaired,432,117,0.9829059829059829,0.9827892516100377,0.9873417721518987,0.9873417721518987,0.9736842105263158
36,21600,patient30,impaired_02,impaired,432,117,0.8974358974358975,0.8949494949494948,1.0,0.8666666666666666,0.8181818181818181
36,21600,patient31,healthy_01,healthy,432,117,0.9829059829059829,0.9829045778412867,0.9873417721518987,0.9870129870129869,0.9743589743589743
36,21600,patient31,healthy_02,healthy,432,117,0.9743589743589743,0.9743209876543211,1.0,0.962962962962963,0.9600000000000001
36,21600,patient31,impaired_01,impaired,432,117,0.8803418803418803,0.8803174603174604,0.8266666666666667,0.9333333333333333,0.8809523809523809
36,21600,patient31,impaired_02,impaired,432,117,0.7264957264957265,0.6928200129954516,0.7499999999999999,0.9210526315789475,0.4074074074074074
36,21600,patient31,impaired_03,impaired,432,117,0.9230769230769231,0.9223912349750026,0.9873417721518987,0.8941176470588235,0.8857142857142858
36,21600,patient31,impaired_04,impaired,432,117,0.9829059829059829,0.9828947368421054,0.9736842105263158,1.0,0.975
36,21600,patient31,impaired_05,impaired,432,117,0.9230769230769231,0.9220389805097451,1.0,0.896551724137931,0.8695652173913044
36,21600,patient31,impaired_06,impaired,432,117,0.7606837606837606,0.7391534391534392,0.9285714285714286,0.7555555555555555,0.5333333333333333
36,21600,patient32,healthy_01,healthy,432,117,0.7606837606837606,0.7307692307692308,1.0,0.7307692307692307,0.4615384615384615
36,21600,patient32,healthy_02,healthy,432,117,0.9829059829059829,0.9828947368421054,1.0,0.975,0.9736842105263158
36,21600,patient32,impaired_01,impaired,432,117,0.7350427350427351,0.6853406207300411,1.0,0.7155963302752294,0.3404255319148936
36,21600,patient32,impaired_02,impaired,432,117,0.9316239316239316,0.9311082584510055,0.951219512195122,0.8947368421052632,0.9473684210526315
36,21600,patient32,impaired_03,impaired,432,117,0.8632478632478633,0.8572409059711736,1.0,0.8297872340425533,0.7419354838709677
36,21600,patient32,impaired_04,impaired,432,117,0.8376068376068376,0.832967032967033,1.0,0.7912087912087913,0.7076923076923076
36,21600,patient32,impaired_05,impaired,432,117,0.8974358974358975,0.8949494949494948,1.0,0.8666666666666666,0.8181818181818181
36,21600,patient32,impaired_06,impaired,432,117,0.8803418803418803,0.8783422459893048,1.0,0.8409090909090908,0.7941176470588235
36,21600,patient32,impaired_07,impaired,432,117,0.905982905982906,0.9052195526097764,1.0,0.8705882352941177,0.8450704225352113
36,21600,patient32,impaired_08,impaired,432,117,0.8461538461538461,0.8424242424242426,1.0,0.8000000000000002,0.7272727272727274
36,21600,patient32,impaired_09,impaired,432,117,0.9230769230769231,0.9220948157533523,0.951219512195122,0.8799999999999999,0.935064935064935
36,21600,patient32,impaired_10,impaired,432,117,0.9316239316239316,0.931157006440151,0.9873417721518987,0.8947368421052632,0.9113924050632911
36,21600,patient32,impaired_11,impaired,432,117,0.8290598290598291,0.8227877220722569,0.9873417721518987,0.7826086956521738,0.6984126984126983
36,21600,patient32,impaired_12,impaired,432,117,0.9316239316239316,0.9309379217273954,0.975,0.8947368421052632,0.9230769230769231
36,21600,patient33,healthy_01,healthy,432,117,1.0,1.0,1.0,1.0,1.0
36,21600,patient33,healthy_02,healthy,432,117,0.8632478632478633,0.8586956521739131,1.0,0.8260869565217391,0.7500000000000001
36,21600,patient33,impaired_01,impaired,432,117,0.9572649572649573,0.9570886284865491,1.0,0.9397590361445783,0.9315068493150686
36,21600,patient33,impaired_02,impaired,432,117,0.7863247863247863,0.7618611467301704,1.0,0.7572815533980582,0.5283018867924528
36,21600,patient33,impaired_03,impaired,432,117,0.8974358974358975,0.8949494949494948,1.0,0.8666666666666666,0.8181818181818181
36,21600,patient33,impaired_04,impaired,432,117,0.7008547008547008,0.6447394105016592,1.0,0.6788990825688073,0.25531914893617025
36,21600,patient33,impaired_05,impaired,432,117,0.8290598290598291,0.817030260380014,1.0,0.7959183673469388,0.6551724137931034
36,21600,patient33,impaired_06,impaired,432,117,0.7521367521367521,0.7123784093076483,1.0,0.7289719626168224,0.4081632653061224
36,21600,patient34,healthy_01,healthy,432,117,0.905982905982906,0.9040751299681368,1.0,0.8764044943820225,0.835820895522388
36,21600,patient34,healthy_02,healthy,432,117,0.9914529914529915,0.9914515863882952,1.0,0.9873417721518987,0.9870129870129869
36,21600,patient34,impaired_01,impaired,432,117,0.8632478632478633,0.8599326599326601,1.0,0.8222222222222223,0.7575757575757577
36,21600,patient34,impaired_02,impaired,432,117,0.811965811965812,0.7957142857142857,1.0,0.78,0.6071428571428571
36,21600,patient34,impaired_03,impaired,432,117,0.7350427350427351,0.6853406207300411,1.0,0.7155963302752294,0.3404255319148936
36,21600,patient34,impaired_04,impaired,432,117,0.8376068376068376,0.827363271011707,1.0,0.8041237113402061,0.6779661016949152
36,21600,patient34,impaired_05,impaired,432,117,0.7521367521367521,0.7218873856365251,0.9873417721518987,0.7254901960784315,0.45283018867924535
36,21600,patient34,impaired_06,impaired,432,117,0.8974358974358975,0.8957219251336898,1.0,0.8636363636363635,0.8235294117647058
36,21600,patient35,healthy_01,healthy,432,117,0.9487179487179487,0.9484126984126985,1.0,0.9285714285714286,0.9166666666666666
36,21600,patient35,healthy_02,healthy,432,117,0.8034188034188035,0.7898218484355217,0.975,0.7628865979381444,0.631578947368421
36,21600,patient35,impaired_01,impaired,432,117,0.6581196581196581,0.6075471698113207,0.6226415094339622,1.0,0.19999999999999996
36,21600,patient35,impaired_02,impaired,432,117,0.8205128205128205,0.8163806742119996,0.7999999999999999,0.891566265060241,0.7575757575757577
36,21600,patient35,impaired_03,impaired,432,117,0.7435897435897436,0.6936067019400353,0.962962962962963,0.7428571428571429,0.375
36,21600,patient35,impaired_04,impaired,432,117,0.8717948717948718,0.8681318681318682,1.0,0.8351648351648352,0.7692307692307693
36,21600,patient35,impaired_05,impaired,432,117,0.6581196581196581,0.6563909774436091,0.8,0.6428571428571428,0.5263157894736842
36,21600,patient35,impaired_06,impaired,432,117,0.8547008547008547,0.8514057626960853,0.9870129870129869,0.8172043010752689,0.7500000000000001
36,21600,patient36,healthy_01,healthy,432,117,0.8717948717948718,0.8681318681318682,1.0,0.8351648351648352,0.7692307692307693
36,21600,patient36,healthy_02,healthy,432,117,0.7777777777777778,0.75,1.0,0.7499999999999999,0.5
36,21600,patient36,impaired_01,impaired,432,117,0.9914529914529915,0.9914515863882952,1.0,0.9873417721518987,0.9870129870129869
36,21600,patient36,impaired_02,impaired,432,117,0.9401709401709402,0.9401611047180668,1.0,0.9113924050632911,0.9090909090909091
36,21600,patient36,impaired_03,impaired,432,117,0.8376068376068376,0.8295081967213115,1.0,0.8,0.6885245901639344
36,21600,patient36,impaired_04,impaired,432,117,0.9658119658119658,0.9657814570095272,0.9870129870129869,0.9473684210526315,0.962962962962963
36,21600,patient37,healthy_01,healthy,432,117,0.9743589743589743,0.9743209876543211,1.0,0.962962962962963,0.9600000000000001
36,21600,patient37,healthy_02,healthy,432,117,1.0,1.0,1.0,1.0,1.0
36,21600,patient37,impaired_01,impaired,432,117,1.0,1.0,1.0,1.0,1.0
36,21600,patient37,impaired_02,impaired,432,117,0.9829059829059829,0.9828947368421054,1.0,0.975,0.9736842105263158
36,21600,patient37,impaired_03,impaired,432,117,0.9487179487179487,0.9484126984126985,1.0,0.9285714285714286,0.9166666666666666
36,21600,patient37,impaired_04,impaired,432,117,0.9401709401709402,0.9399240798811684,1.0,0.9156626506024097,0.9041095890410958
36,21600,patient38,healthy_01,healthy,432,117,0.9658119658119658,0.9657894736842105,1.0,0.9500000000000001,0.9473684210526315
36,21600,patient38,healthy_02,healthy,432,117,0.8888888888888888,0.8857142857142858,1.0,0.8571428571428571,0.8
36,21600,patient38,impaired_01,impaired,432,117,0.9914529914529915,0.9914515863882952,1.0,0.9870129870129869,0.9873417721518987
36,21600,patient38,impaired_02,impaired,432,117,0.9829059829059829,0.9828947368421054,1.0,0.9736842105263158,0.975
36,21600,patient38,impaired_03,impaired,416,117,0.8034188034188035,0.7846984698469847,1.0,0.7722772277227723,0.5818181818181819
36,21600,patient38,impaired_04,impaired,432,117,0.9145299145299145,0.9131016042780749,1.0,0.8863636363636364,0.8529411764705882
36,21600,patient39,healthy_01,healthy,432,117,0.8034188034188035,0.7846984698469847,1.0,0.7722772277227723,0.5818181818181819
36,21600,patient39,impaired_01,impaired,432,117,0.8803418803418803,0.8763586956521738,1.0,0.8478260869565216,0.7812500000000001
36,21600,patient39,impaired_02,impaired,432,117,0.8888888888888888,0.8873896385140764,1.0,0.8505747126436781,0.8115942028985509
36,21600,patient39,impaired_03,impaired,432,117,0.8376068376068376,0.827363271011707,1.0,0.8041237113402061,0.6779661016949152
36,21600,patient39,impaired_04,impaired,432,117,0.717948717948718,0.6936781106863498,0.9397590361445783,0.6597938144329897,0.48148148148148145
36,21600,patient40,healthy_01,healthy,432,117,0.9914529914529915,0.9914515863882952,0.9873417721518987,1.0,0.9870129870129869
36,21600,patient40,healthy_02,healthy,432,117,1.0,1.0,1.0,1.0,1.0
36,21600,patient40,impaired_01,impaired,432,117,0.9316239316239316,0.9308970099667774,1.0,0.9069767441860465,0.8857142857142858
36,21600,patient40,impaired_02,impaired,432,117,0.905982905982906,0.9040751299681368,1.0,0.8764044943820225,0.835820895522388
36,21600,patient40,impaired_03,impaired,432,117,0.9743589743589743,0.9743209876543211,1.0,0.962962962962963,0.9600000000000001
36,21600,patient40,impaired_04,impaired,432,117,0.9230769230769231,0.9220389805097451,1.0,0.896551724137931,0.8695652173913044
36,21600,patient40,impaired_05,impaired,432,117,0.8803418803418803,0.8763586956521738,1.0,0.8478260869565216,0.7812500000000001
36,21600,patient40,impaired_06,impaired,432,117,0.6666666666666666,0.5555555555555555,1.0,0.6666666666666666,0.0
36,21600,patient40,impaired_07,impaired,432,117,0.6068376068376068,0.5792068239725269,0.7941176470588235,0.6101694915254238,0.3333333333333333
36,21600,patient40,impaired_08,impaired,432,117,0.7606837606837606,0.7295664127384157,0.9873417721518987,0.7307692307692307,0.47058823529411764
36,21600,patient40,impaired_09,impaired,432,117,0.8803418803418803,0.8763586956521738,1.0,0.8478260869565216,0.7812500000000001
36,21600,patient40,impaired_10,impaired,432,117,0.5470085470085471,0.5197128893966407,0.4081632653061224,0.5954198473282443,0.5555555555555556
36,21600,patient40,impaired_11,impaired,432,117,0.8974358974358975,0.8949494949494948,1.0,0.8666666666666666,0.8181818181818181
36,21600,patient41,healthy_01,healthy,432,117,0.9230769230769231,0.922759531275788,1.0,0.891566265060241,0.8767123287671232
36,21600,patient41,healthy_02,healthy,432,117,0.811965811965812,0.8007476340318006,0.9873417721518987,0.7708333333333334,0.6440677966101694
36,21600,patient41,impaired_01,impaired,432,117,0.5042735042735043,0.5008467624566696,0.5882352941176471,0.49122807017543857,0.4230769230769231
36,21600,patient41,impaired_02,impaired,432,117,0.5128205128205128,0.49311159171700597,0.5454545454545455,0.5565217391304348,0.3773584905660377
36,21600,patient41,impaired_03,impaired,432,117,0.8632478632478633,0.8649051490514905,0.878048780487805,0.8,0.9166666666666666
36,21600,patient42,healthy_01,healthy,432,117,0.9316239316239316,0.9308970099667774,1.0,0.9069767441860465,0.8857142857142858
36,21600,patient42,healthy_02,healthy,432,117,0.9401709401709402,0.9400290320762162,0.975,0.9135802469135802,0.9315068493150686
36,21600,patient42,impaired_01,impaired,432,117,0.9829059829059829,0.9829045778412867,0.9873417721518987,0.9743589743589743,0.9870129870129869
36,21600,patient42,impaired_02,impaired,432,117,0.9401709401709402,0.9400807937393303,0.951219512195122,0.945945945945946,0.9230769230769231
36,21600,patient42,impaired_03,impaired,432,117,0.8290598290598291,0.8194444444444443,1.0,0.7916666666666666,0.6666666666666666
36,21600,patient43,healthy_01,healthy,432,117,0.8717948717948718,0.8741590142128203,0.8450704225352113,0.8314606741573033,0.945945945945946
36,21600,patient43,healthy_02,healthy,432,117,0.9914529914529915,0.9914515863882952,0.9873417721518987,0.9870129870129869,1.0
36,21600,patient43,impaired_01,impaired,432,117,0.905982905982906,0.9040751299681368,1.0,0.8764044943820225,0.835820895522388
36,21600,patient43,impaired_02,impaired,432,117,0.9829059829059829,0.9828947368421054,1.0,0.975,0.9736842105263158
36,21600,patient44,healthy_01,healthy,432,117,1.0,1.0,1.0,1.0,1.0
36,21600,patient44,healthy_02,healthy,432,117,0.9658119658119658,0.965721819380356,1.0,0.951219512195122,0.945945945945946
36,21600,patient44,impaired_01,impaired,432,117,0.9230769230769231,0.9212945779097499,0.9873417721518987,0.9069767441860465,0.8695652173913044
36,21600,patient44,impaired_02,impaired,432,117,0.9743589743589743,0.974320987654321,1.0,0.9600000000000001,0.962962962962963
36,21600,patient44,impaired_03,impaired,432,117,0.9316239316239316,0.9308970099667774,1.0,0.9069767441860465,0.8857142857142858
36,21600,patient44,impaired_04,impaired,432,117,0.8803418803418803,0.8763586956521738,1.0,0.8478260869565216,0.7812500000000001
36,21600,patient45,healthy_01,healthy,432,117,0.9829059829059829,0.9829045778412867,0.9873417721518987,0.9743589743589743,0.9870129870129869
36,21600,patient45,healthy_02,healthy,432,117,0.8888888888888888,0.8888706230478384,1.0,0.8354430379746836,0.8311688311688312
36,21600,patient45,impaired_01,impaired,432,117,0.905982905982906,0.9040751299681368,1.0,0.8764044943820225,0.835820895522388
36,21600,patient45,impaired_02,impaired,432,117,0.8632478632478633,0.8572409059711736,1.0,0.8297872340425533,0.7419354838709677
36,21600,patient46,healthy_01,healthy,432,117,0.8632478632478633,0.8586956521739131,1.0,0.8260869565217391,0.7500000000000001
36,21600,patient46,healthy_02,healthy,432,117,0.8974358974358975,0.8957219251336898,1.0,0.8636363636363635,0.8235294117647058
36,21600,patient46,impaired_01,impaired,432,117,0.9487179487179487,0.9485827290705341,1.0,0.9268292682926831,0.9189189189189189
36,21600,patient46,impaired_02,impaired,432,117,0.8632478632478633,0.8572409059711736,1.0,0.8297872340425533,0.7419354838709677
36,21600,patient46,impaired_03,impaired,432,117,0.8974358974358975,0.8949494949494948,1.0,0.8666666666666666,0.8181818181818181
36,21600,patient46,impaired_04,impaired,432,117,0.9230769230769231,0.9223912349750026,0.9873417721518987,0.8941176470588235,0.8857142857142858
36,21600,patient46,impaired_05,impaired,432,117,1.0,1.0,1.0,1.0,1.0
36,21600,patient46,impaired_06,impaired,432,117,0.8461538461538461,0.8375,1.0,0.8125000000000001,0.7000000000000001
36,21600,patient46,impaired_07,impaired,432,117,0.7008547008547008,0.6610523792400815,0.962962962962963,0.6601941747572816,0.36000000000000004
36,21600,patient46,impaired_08,impaired,432,117,0.7692307692307693,0.7453250513730617,0.975,0.7326732673267325,0.5283018867924528
36,21600,patient46,impaired_09,impaired,432,117,0.8205128205128205,0.8171509567682494,0.9397590361445783,0.746987951807229,0.7647058823529411
36,21600,patient46,impaired_10,impaired,432,117,0.8803418803418803,0.8784037320622686,0.951219512195122,0.8461538461538461,0.8378378378378378
36,21600,patient47,healthy_01,healthy,432,117,1.0,1.0,1.0,1.0,1.0
36,21600,patient47,healthy_02,healthy,432,117,0.9829059829059829,0.9828947368421054,1.0,0.975,0.9736842105263158
36,21600,patient47,impaired_01,impaired,432,117,0.9572649572649573,0.9572373695180714,0.9736842105263158,0.935064935064935,0.962962962962963
36,21600,patient47,impaired_02,impaired,432,117,0.9401709401709402,0.9411976682564918,0.9600000000000001,0.9176470588235294,0.945945945945946
36,21600,patient47,impaired_03,impaired,432,117,0.8290598290598291,0.817030260380014,1.0,0.7959183673469388,0.6551724137931034
36,21600,patient47,impaired_04,impaired,432,117,0.6666666666666666,0.6402987299782894,0.3389830508474576,0.7289719626168224,0.8529411764705882
36,21600,patient47,impaired_05,impaired,432,117,0.8290598290598291,0.8311318311318311,0.8974358974358975,0.7777777777777778,0.8181818181818181
36,21600,patient48,healthy_01,healthy,432,117,0.8034188034188035,0.7846984698469847,1.0,0.7722772277227723,0.5818181818181819
36,21600,patient48,healthy_02,healthy,432,117,0.9658119658119658,0.9656995606362694,0.9873417721518987,0.9610389610389611,0.9487179487179487
36,21600,patient48,impaired_01,impaired,432,117,0.8717948717948718,0.872366968752511,0.8108108108108107,0.9870129870129869,0.8192771084337349
60,36000,patient1,healthy_01,healthy,432,117,0.9743589743589743,0.9743547591648859,1.0,0.9620253164556962,0.9610389610389611
60,36000,patient1,healthy_02,healthy,432,117,0.9658119658119658,0.965721819380356,1.0,0.951219512195122,0.945945945945946
60,36000,patient1,impaired_01,impaired,432,117,0.7521367521367521,0.7123784093076483,1.0,0.7289719626168224,0.4081632653061224
60,36000,patient1,impaired_02,impaired,432,117,0.9572649572649573,0.9570886284865491,1.0,0.9397590361445783,0.9315068493150686
60,36000,patient1,impaired_03,impaired,432,117,0.8888888888888888,0.8879867439933721,1.0,0.8470588235294118,0.8169014084507042
60,36000,patient1,impaired_04,impaired,432,117,0.9658119658119658,0.965721819380356,1.0,0.951219512195122,0.945945945945946
60,36000,patient1,impaired_05,impaired,432,117,0.8803418803418803,0.8763586956521738,1.0,0.8478260869565216,0.7812500000000001
60,36000,patient1,impaired_06,impaired,432,117,0.905982905982906,0.9040751299681368,1.0,0.8764044943820225,0.835820895522388
60,36000,patient2,healthy_01,healthy,432,117,0.7948717948717948,0.7734204793028322,1.0,0.7647058823529412,0.5555555555555556
60,36000,patient2,healthy_02,healthy,432,117,0.7350427350427351,0.6853406207300411,1.0,0.7155963302752294,0.3404255319148936
60,36000,patient2,impaired_01,impaired,432,117,0.717948717948718,0.6910891089108911,1.0,0.6732673267326732,0.4
60,36000,patient2,impaired_02,impaired,432,117,0.6495726495726496,0.5436066776738212,0.9873417721518987,0.6434782608695652,0.0
60,36000,patient2,impaired_03,impaired,432,117,0.9145299145299145,0.9140211640211641,1.0,0.8809523809523809,0.8611111111111112
60,36000,patient2,impaired_04,impaired,432,117,0.8290598290598291,0.8210334682896748,0.9873417721518987,0.7872340425531915,0.6885245901639344
60,36000,patient2,impaired_05,impaired,432,117,1.0,1.0,1.0,1.0,1.0
60,36000,patient2,impaired_06,impaired,432,117,0.8717948717948718,0.8681318681318682,1.0,0.8351648351648352,0.7692307692307693
60,36000,patient3,healthy_01,healthy,432,117,0.9658119658119658,0.965721819380356,1.0,0.951219512195122,0.945945945945946
60,36000,patient3,healthy_02,healthy,432,117,0.6666666666666666,0.5555555555555555,1.0,0.6666666666666666,0.0
60,36000,patient3,impaired_01,impaired,432,117,0.6581196581196581,0.5517241379310345,1.0,0.6551724137931034,0.0
60,36000,patient3,impaired_02,impaired,432,117,0.8974358974358975,0.8994422994422995,0.945945945945946,0.8666666666666666,0.8857142857142858
60,36000,patient3,impaired_03,impaired,432,117,0.8376068376068376,0.827363271011707,1.0,0.8041237113402061,0.6779661016949152
60,36000,patient3,impaired_04,impaired,432,117,0.8803418803418803,0.8774410774410774,1.0,0.8444444444444443,0.7878787878787878
60,36000,patient3,impaired_05,impaired,432,117,0.9914529914529915,0.9914515863882952,1.0,0.9873417721518987,0.9870129870129869
60,36000,patient3,impaired_06,impaired,432,117,0.9401709401709402,0.9396851698425849,1.0,0.9176470588235294,0.9014084507042254
60,36000,patient4,healthy_01,healthy,432,117,0.9658119658119658,0.965721819380356,1.0,0.945945945945946,0.951219512195122
60,36000,patient4,healthy_02,healthy,424,117,0.8717948717948718,0.8668714797747056,1.0,0.8387096774193548,0.761904761904762
60,36000,patient4,impaired_01,impaired,432,117,0.905982905982906,0.9052195526097764,1.0,0.8705882352941177,0.8450704225352113
60,36000,patient4,impaired_02,impaired,432,117,0.9914529914529915,0.9914515863882952,1.0,0.9873417721518987,0.9870129870129869
60,36000,patient4,impaired_03,impaired,432,117,1.0,1.0,1.0,1.0,1.0
60,36000,patient4,impaired_04,impaired,432,117,0.9658119658119658,0.965721819380356,1.0,0.951219512195122,0.945945945945946
60,36000,patient4,impaired_05,impaired,432,117,0.7948717948717948,0.7790816326530612,0.975,0.7551020408163266,0.6071428571428571
60,36000,patient4,impaired_06,impaired,432,117,0.8717948717948718,0.8668714797747056,1.0,0.8387096774193548,0.761904761904762
60,36000,patient4,impaired_07,impaired,432,117,0.7435897435897436,0.6990740740740741,1.0,0.7222222222222222,0.375
60,36000,patient5,healthy_01,healthy,432,117,0.7264957264957265,0.6790123456790124,1.0,0.7037037037037037,0.3333333333333333
60,36000,patient5,healthy_02,healthy,432,117,0.9145299145299145,0.9131016042780749,1.0,0.8863636363636364,0.8529411764705882
60,36000,patient5,impaired_01,impaired,432,117,0.8547008547008547,0.8474547023295944,1.0,0.8210526315789474,0.7213114754098361
60,36000,patient5,impaired_02,impaired,432,117,0.9487179487179487,0.9484126984126985,1.0,0.9285714285714286,0.9166666666666666
60,36000,patient5,impaired_03,impaired,432,117,0.8888888888888888,0.8857142857142858,1.0,0.8571428571428571,0.8
60,36000,patient6,healthy_01,healthy,432,117,0.9401709401709402,0.9405094914254842,0.9743589743589743,0.9156626506024097,0.9315068493150686
60,36000,patient6,impaired_01,impaired,432,117,0.6666666666666666,0.5555555555555555,1.0,0.6666666666666666,0.0
60,36000,patient6,impaired_02,impaired,432,117,0.7606837606837606,0.7252830188679246,1.0,0.7358490566037735,0.44000000000000006
60,36000,patient6,impaired_03,impaired,432,117,0.6752136752136753,0.5928571428571429,0.975,0.6607142857142857,0.14285714285714288
60,36000,patient6,impaired_04,impaired,432,117,0.8547008547008547,0.8474547023295944,1.0,0.8210526315789474,0.7213114754098361
60,36000,patient7,healthy_01,healthy,432,117,0.9658119658119658,0.9657894736842105,1.0,0.9500000000000001,0.9473684210526315
60,36000,patient7,healthy_02,healthy,432,117,0.9316239316239316,0.9308970099667774,1.0,0.9069767441860465,0.8857142857142858
60,36000,patient7,impaired_01,impaired,432,117,0.9829059829059829,0.9828947368421052,0.9736842105263158,0.975,1.0
60,36000,patient7,impaired_02,impaired,432,117,0.7777777777777778,0.7671964224286206,0.9600000000000001,0.7450980392156863,0.5964912280701755
60,36000,patient7,impaired_03,impaired,432,117,0.9230769230769231,0.9220389805097451,0.8695652173913044,0.896551724137931,1.0
60,36000,patient7,impaired_04,impaired,432,117,0.8717948717948718,0.8749805204924419,0.9166666666666666,0.8387096774193548,0.8695652173913044
60,36000,patient7,impaired_05,impaired,432,117,0.9914529914529915,0.9914515863882952,1.0,0.9873417721518987,0.9870129870129869
60,36000,patient7,impaired_06,impaired,432,117,0.9743589743589743,0.9743477282950966,0.9736842105263158,0.975,0.9743589743589743
60,36000,patient7,impaired_07,impaired,432,117,0.9914529914529915,0.9914515863882952,0.9873417721518987,0.9870129870129869,1.0
60,36000,patient7,impaired_08,impaired,432,117,0.9401709401709402,0.9396851698425849,1.0,0.9176470588235294,0.9014084507042254
60,36000,patient7,impaired_09,impaired,432,117,0.9914529914529915,0.9914515863882952,1.0,0.9870129870129869,0.9873417721518987
60,36000,patient8,healthy_01,healthy,432,117,0.8547008547008547,0.849121010411333,1.0,0.8172043010752689,0.7301587301587301
60,36000,patient8,impaired_01,impaired,432,117,0.9401709401709402,0.9408933981540196,0.9736842105263158,0.9156626506024097,0.9333333333333333
60,36000,patient8,impaired_02,impaired,432,117,0.7948717948717948,0.7734204793028322,1.0,0.7647058823529412,0.5555555555555556
60,36000,patient9,healthy_01,healthy,432,117,0.9230769230769231,0.9220389805097451,1.0,0.896551724137931,0.8695652173913044
60,36000,patient9,impaired_01,impaired,432,117,0.8376068376068376,0.827363271011707,1.0,0.8041237113402061,0.6779661016949152
60,36000,patient9,impaired_02,impaired,432,117,0.9658119658119658,0.965721819380356,1.0,0.951219512195122,0.945945945945946
60,36000,patient9,impaired_03,impaired,432,117,0.8717948717948718,0.8668714797747056,1.0,0.8387096774193548,0.761904761904762
60,36000,patient9,impaired_04,impaired,432,117,0.7264957264957265,0.6711462450592885,1.0,0.7090909090909091,0.30434782608695654
60,36000,patient9,impaired_05,impaired,432,117,0.7777777777777778,0.7621393384940184,1.0,0.7346938775510206,0.5517241379310346
60,36000,patient9,impaired_06,impaired,432,117,0.8974358974358975,0.8949494949494948,1.0,0.8666666666666666,0.8181818181818181
60,36000,patient10,healthy_01,healthy,432,117,0.8974358974358975,0.8957219251336898,1.0,0.8636363636363635,0.8235294117647058
60,36000,patient10,healthy_02,healthy,432,117,0.9487179487179487,0.9484126984126985,1.0,0.9285714285714286,0.9166666666666666
60,36000,patient10,impaired_01,impaired,432,117,0.7692307692307693,0.7378151260504202,1.0,0.7428571428571429,0.47058823529411764
60,36000,patient10,impaired_02,impaired,432,117,0.7692307692307693,0.7378151260504202,1.0,0.7428571428571429,0.47058823529411764
60,36000,patient10,impaired_03,impaired,432,117,0.8888888888888888,0.886634244507798,1.0,0.853932584269663,0.8059701492537313
60,36000,patient10,impaired_04,impaired,432,117,0.7094017094017094,0.6412337662337663,1.0,0.6964285714285715,0.22727272727272727
60,36000,patient10,impaired_05,impaired,432,117,0.7606837606837606,0.7252830188679246,1.0,0.7358490566037735,0.44000000000000006
60,36000,patient10,impaired_06,impaired,432,117,0.8034188034188035,0.791018696487856,1.0,0.7628865979381444,0.6101694915254238
60,36000,patient10,impaired_07,impaired,432,117,0.905982905982906,0.9057283988273771,0.9397590361445783,0.8607594936708861,0.9166666666666666
60,36000,patient10,impaired_08,impaired,432,117,0.9230769230769231,0.9220389805097451,1.0,0.896551724137931,0.8695652173913044
60,36000,patient11,healthy_01,healthy,432,117,0.9487179487179487,0.9487179487179488,1.0,0.9230769230769231,0.9230769230769231
60,36000,patient11,healthy_02,healthy,432,117,0.9316239316239316,0.9319903967203363,0.9620253164556962,0.9024390243902439,0.9315068493150686
60,36000,patient11,impaired_01,impaired,432,117,0.7692307692307693,0.7472547254725471,1.0,0.7326732673267325,0.509090909090909
60,36000,patient11,impaired_02,impaired,432,117,0.9230769230769231,0.9224097226062504,0.9870129870129869,0.9069767441860465,0.8732394366197183
60,36000,patient11,impaired_03,impaired,432,117,0.811965811965812,0.8166581977216366,0.9014084507042254,0.7659574468085106,0.7826086956521738
60,36000,patient11,impaired_04,impaired,432,117,0.9230769230769231,0.9220389805097451,1.0,0.896551724137931,0.8695652173913044
60,36000,patient12,healthy_01,healthy,432,117,0.6666666666666666,0.6131985504482167,1.0,0.6355140186915887,0.2040816326530612
60,36000,patient12,healthy_02,healthy,432,117,0.6752136752136753,0.5856625852420637,0.9870129870129869,0.6724137931034482,0.09756097560975609
60,36000,patient12,impaired_01,impaired,432,117,0.9829059829059829,0.983008658008658,0.975,0.9870129870129869,0.9870129870129869
60,36000,patient12,impaired_02,impaired,432,117,0.8632478632478633,0.8572409059711736,1.0,0.8297872340425533,0.7419354838709677
60,36000,patient12,impaired_03,impaired,432,117,0.9658119658119658,0.965721819380356,1.0,0.951219512195122,0.945945945945946
60,36000,patient12,impaired_04,impaired,432,117,0.811965811965812,0.7957142857142857,1.0,0.78,0.6071428571428571
60,36000,patient12,impaired_05,impaired,432,117,0.9829059829059829,0.9828947368421054,1.0,0.975,0.9736842105263158
60,36000,patient12,impaired_06,impaired,432,117,1.0,1.0,1.0,1.0,1.0
60,36000,patient12,impaired_07,impaired,432,117,0.8974358974358975,0.8982384823848238,0.878048780487805,0.9,0.9166666666666666
60,36000,patient12,impaired_08,impaired,432,117,0.7863247863247863,0.7666856608515239,0.8863636363636364,0.8235294117647058,0.5901639344262295
60,36000,patient12,impaired_09,impaired,432,117,0.8205128205128205,0.8198427763645154,0.8405797101449275,0.8351648351648352,0.7837837837837838
60,36000,patient13,healthy_01,healthy,432,117,0.9145299145299145,0.9163254163254163,0.945945945945946,0.8863636363636364,0.9166666666666666
60,36000,patient13,healthy_02,healthy,432,117,0.9145299145299145,0.9131016042780749,1.0,0.8863636363636364,0.8529411764705882
60,36000,patient13,impaired_01,impaired,432,117,0.9743589743589743,0.9745533868340885,0.9870129870129869,0.962962962962963,0.9736842105263158
60,36000,patient13,impaired_02,impaired,432,117,0.905982905982906,0.9045496506086605,0.9135802469135802,0.9268292682926831,0.8732394366197183
60,36000,patient13,impaired_03,impaired,432,117,0.8290598290598291,0.8194444444444443,1.0,0.7916666666666666,0.6666666666666666
60,36000,patient14,healthy_01,healthy,432,117,1.0,1.0,1.0,1.0,1.0
60,36000,patient14,healthy_02,healthy,432,117,0.8205128205128205,0.8091909837497816,1.0,0.7835051546391754,0.6440677966101694
60,36000,patient14,impaired_01,impaired,432,117,0.5897435897435898,0.5401678321678322,0.7692307692307693,0.624,0.22727272727272727
60,36000,patient14,impaired_02,impaired,432,117,0.8205128205128205,0.813920585611909,0.951219512195122,0.7692307692307692,0.7213114754098361
60,36000,patient15,healthy_01,healthy,432,117,0.8290598290598291,0.8233695652173912,1.0,0.7826086956521738,0.6875
60,36000,patient15,healthy_02,healthy,432,117,0.9145299145299145,0.9136212624584719,1.0,0.8837209302325582,0.8571428571428572
60,36000,patient15,impaired_01,impaired,432,117,0.9914529914529915,0.9914515863882952,1.0,0.9873417721518987,0.9870129870129869
60,36000,patient16,healthy_01,healthy,432,117,0.8547008547008547,0.8474547023295944,1.0,0.8210526315789474,0.7213114754098361
60,36000,patient16,healthy_02,healthy,432,117,0.8461538461538461,0.8375,0.8125000000000001,1.0,0.7000000000000001
60,36000,patient16,impaired_01,impaired,432,117,0.9743589743589743,0.9743209876543211,1.0,0.962962962962963,0.9600000000000001
60,36000,patient16,impaired_02,impaired,432,117,0.9743589743589743,0.9741139240506329,0.975,0.9600000000000001,0.9873417721518987
60,36000,patient17,healthy_01,healthy,432,117,0.9401709401709402,0.9396851698425849,1.0,0.9176470588235294,0.9014084507042254
60,36000,patient17,healthy_02,healthy,432,117,0.9316239316239316,0.9308970099667774,1.0,0.9069767441860465,0.8857142857142858
60,36000,patient17,impaired_01,impaired,432,117,0.9743589743589743,0.9743506493506494,0.975,0.9870129870129869,0.9610389610389611
60,36000,patient17,impaired_02,impaired,432,117,0.8461538461538461,0.8375,1.0,0.8125000000000001,0.7000000000000001
60,36000,patient17,impaired_03,impaired,432,117,0.8205128205128205,0.8064859117490698,1.0,0.787878787878788,0.631578947368421
60,36000,patient17,impaired_04,impaired,432,117,0.9230769230769231,0.9223500014197689,0.9069767441860465,0.9743589743589743,0.8857142857142858
60,36000,patient17,impaired_05,impaired,432,117,0.7948717948717948,0.7833333333333333,1.0,0.7499999999999999,0.6
60,36000,patient17,impaired_06,impaired,432,117,0.5641025641025641,0.4631985461154022,0.0,0.6290322580645161,0.7605633802816902
60,36000,patient17,impaired_07,impaired,432,117,0.8034188034188035,0.7978021978021977,1.0,0.7472527472527474,0.6461538461538461
60,36000,patient17,impaired_08,impaired,432,117,0.9743589743589743,0.9743504330446369,0.9736842105263158,0.9620253164556962,0.9873417721518987
60,36000,patient17,impaired_09,impaired,432,117,0.8461538461538461,0.8410326086956522,1.0,0.8043478260869565,0.71875
60,36000,patient17,impaired_10,impaired,432,117,0.7777777777777778,0.7621393384940184,1.0,0.7346938775510206,0.5517241379310346
60,36000,patient17,impaired_11,impaired,372,117,0.7521367521367521,0.7237589302069977,1.0,0.7184466019417476,0.45283018867924535
60,36000,patient17,impaired_12,impaired,372,117,0.7692307692307693,0.7569999209343471,0.945945945945946,0.7676767676767675,0.5573770491803278
60,36000,patient18,healthy_01,healthy,432,117,0.9145299145299145,0.9144736842105262,1.0,0.875,0.868421052631579
60,36000,patient18,healthy_02,healthy,432,117,0.9487179487179487,0.9484126984126985,1.0,0.9285714285714286,0.9166666666666666
60,36000,patient18,impaired_01,impaired,432,117,0.8717948717948718,0.867918869105578,0.9873417721518987,0.8351648351648352,0.7812500000000001
60,36000,patient18,impaired_02,impaired,432,117,0.8461538461538461,0.8481483359532139,0.945945945945946,0.8292682926829267,0.7692307692307693
60,36000,patient19,healthy_01,healthy,412,117,0.9829059829059829,0.9828947368421054,1.0,0.9736842105263158,0.975
60,36000,patient19,healthy_02,healthy,372,117,0.8888888888888888,0.8845819594611865,0.9285714285714286,0.9135802469135802,0.8115942028985509
60,36000,patient19,impaired_01,impaired,432,117,0.9658119658119658,0.9657894736842105,1.0,0.9500000000000001,0.9473684210526315
60,36000,patient19,impaired_02,impaired,432,117,0.7264957264957265,0.7150339093273875,0.6562499999999999,0.8478260869565216,0.6410256410256411
60,36000,patient19,impaired_03,impaired,432,117,0.7094017094017094,0.6560298299428734,0.9610389610389611,0.7027027027027027,0.30434782608695654
60,36000,patient19,impaired_04,impaired,432,117,0.5641025641025641,0.5512028559070612,0.6229508196721312,0.6538461538461539,0.37681159420289856
60,36000,patient19,impaired_05,impaired,432,117,0.4700854700854701,0.40631969489698627,0.5818181818181819,0.5441176470588235,0.09302325581395347
60,36000,patient20,healthy_01,healthy,432,117,0.9145299145299145,0.9131016042780749,1.0,0.8863636363636364,0.8529411764705882
60,36000,patient20,impaired_01,impaired,432,117,0.9145299145299145,0.9131016042780749,1.0,0.8863636363636364,0.8529411764705882
60,36000,patient20,impaired_02,impaired,432,117,0.7777777777777778,0.75,1.0,0.7499999999999999,0.5
60,36000,patient21,healthy_01,healthy,432,117,0.8461538461538461,0.8416225749559083,0.962962962962963,0.8000000000000002,0.761904761904762
60,36000,patient21,impaired_01,impaired,432,117,0.9743589743589743,0.9743547591648859,1.0,0.9620253164556962,0.9610389610389611
60,36000,patient21,impaired_02,impaired,392,117,0.811965811965812,0.8074074074074075,1.0,0.7555555555555555,0.6666666666666667
60,36000,patient21,impaired_03,impaired,392,117,0.7948717948717948,0.7829242636746142,0.975,0.7608695652173912,0.6129032258064516
60,36000,patient22,healthy_01,healthy,432,117,0.9572649572649573,0.9570886284865491,1.0,0.9397590361445783,0.9315068493150686
60,36000,patient22,healthy_02,healthy,432,117,1.0,1.0,1.0,1.0,1.0
60,36000,patient22,impaired_01,impaired,432,117,0.8461538461538461,0.8375,1.0,0.8125000000000001,0.7000000000000001
60,36000,patient22,impaired_02,impaired,432,117,0.9572649572649573,0.9570886284865491,1.0,0.9397590361445783,0.9315068493150686
60,36000,patient22,impaired_03,impaired,412,117,0.9743589743589743,0.9743547591648859,1.0,0.9620253164556962,0.9610389610389611
60,36000,patient22,impaired_04,impaired,292,117,0.8803418803418803,0.8791921713119787,0.9873417721518987,0.8333333333333333,0.8169014084507042
60,36000,patient23,healthy_01,healthy,432,117,0.9401709401709402,0.9396851698425849,1.0,0.9176470588235294,0.9014084507042254
60,36000,patient23,healthy_02,healthy,432,117,0.9829059829059829,0.982905982905983,1.0,0.9743589743589743,0.9743589743589743
60,36000,patient23,impaired_01,impaired,432,117,0.9145299145299145,0.9140211640211641,1.0,0.8809523809523809,0.8611111111111112
60,36000,patient23,impaired_02,impaired,432,117,0.6923076923076923,0.6090225563909774,1.0,0.6842105263157895,0.14285714285714288
60,36000,patient24,healthy_01,healthy,432,117,0.9572649572649573,0.9572579319414762,1.0,0.935064935064935,0.9367088607594937
60,36000,patient24,healthy_02,healthy,432,117,0.8888888888888888,0.884844455881512,0.975,0.8735632183908045,0.8059701492537313
60,36000,patient24,impaired_01,impaired,432,117,0.8888888888888888,0.8873896385140764,1.0,0.8505747126436781,0.8115942028985509
60,36000,patient24,impaired_02,impaired,432,117,0.7606837606837606,0.736511089043363,0.9736842105263158,0.7358490566037735,0.5
60,36000,patient24,impaired_03,impaired,432,117,0.717948717948718,0.66504001561585,1.0,0.6972477064220183,0.2978723404255319
60,36000,patient25,healthy_01,healthy,432,117,1.0,1.0,1.0,1.0,1.0
60,36000,patient25,healthy_02,healthy,432,117,0.9316239316239316,0.9308970099667774,1.0,0.9069767441860465,0.8857142857142858
60,36000,patient25,impaired_01,impaired,432,117,0.7264957264957265,0.6827044025157232,0.975,0.6981132075471698,0.375
60,36000,patient25,impaired_02,impaired,432,117,0.8717948717948718,0.8681318681318682,1.0,0.8351648351648352,0.7692307692307693
60,36000,patient25,impaired_03,impaired,432,117,0.7692307692307693,0.7378151260504202,1.0,0.7428571428571429,0.47058823529411764
60,36000,patient25,impaired_04,impaired,432,117,0.7521367521367521,0.7123784093076483,1.0,0.7289719626168224,0.4081632653061224
60,36000,patient25,impaired_05,impaired,432,117,0.6837606837606838,0.6330345222201029,1.0,0.6542056074766355,0.2448979591836735
60,36000,patient25,impaired_06,impaired,432,117,0.8376068376068376,0.827363271011707,1.0,0.8041237113402061,0.6779661016949152
60,36000,patient25,impaired_07,impaired,432,117,0.8803418803418803,0.8780303030303029,0.975,0.8409090909090908,0.8181818181818181
60,36000,patient25,impaired_08,impaired,432,117,0.9316239316239316,0.9308970099667774,1.0,0.9069767441860465,0.8857142857142858
60,36000,patient26,healthy_01,healthy,432,117,0.9316239316239316,0.9312169312169312,1.0,0.9047619047619048,0.8888888888888888
60,36000,patient26,healthy_02,healthy,432,117,0.9829059829059829,0.9828947368421054,1.0,0.9736842105263158,0.975
60,36000,patient26,impaired_01,impaired,432,117,0.9316239316239316,0.9308970099667774,1.0,0.9069767441860465,0.8857142857142858
60,36000,patient26,impaired_02,impaired,432,117,0.6666666666666666,0.6219605831302638,0.9066666666666667,0.6548672566371682,0.30434782608695654
60,36000,patient26,impaired_03,impaired,432,117,0.9230769230769231,0.9224523612261807,1.0,0.8941176470588235,0.8732394366197183
60,36000,patient26,impaired_04,impaired,432,117,0.8205128205128205,0.8183787364115234,0.945945945945946,0.787878787878788,0.7213114754098361
60,36000,patient26,impaired_05,impaired,432,117,0.8632478632478633,0.860381593714927,0.962962962962963,0.8181818181818182,0.8
60,36000,patient26,impaired_06,impaired,432,117,0.7435897435897436,0.6990740740740741,1.0,0.7222222222222222,0.375
60,36000,patient26,impaired_07,impaired,432,117,0.9743589743589743,0.9741139240506329,0.9873417721518987,0.975,0.9600000000000001
60,36000,patient27,healthy_01,healthy,432,117,0.8974358974358975,0.8963455149501659,1.0,0.8604651162790696,0.8285714285714285
60,36000,patient27,healthy_02,healthy,432,117,0.9743589743589743,0.974320987654321,1.0,0.9600000000000001,0.962962962962963
60,36000,patient27,impaired_01,impaired,432,117,0.9743589743589743,0.9741139240506329,0.9873417721518987,0.9600000000000001,0.975
60,36000,patient27,impaired_02,impaired,432,117,0.8888888888888888,0.8878146388370384,0.975,0.8433734939759037,0.8450704225352113
60,36000,patient27,impaired_03,impaired,432,117,0.9743589743589743,0.9741139240506329,0.975,0.9600000000000001,0.9873417721518987
60,36000,patient27,impaired_04,impaired,432,117,0.8461538461538461,0.8419344368711458,0.9873417721518987,0.8000000000000002,0.7384615384615384
60,36000,patient27,impaired_05,impaired,432,117,0.7435897435897436,0.6990740740740741,1.0,0.7222222222222222,0.375
60,36000,patient27,impaired_06,impaired,432,117,0.9914529914529915,0.9914515863882952,1.0,0.9873417721518987,0.9870129870129869
60,36000,patient28,healthy_01,healthy,432,117,0.6666666666666666,0.5555555555555555,1.0,0.6666666666666666,0.0
60,36000,patient28,healthy_02,healthy,432,117,0.9743589743589743,0.9743209876543211,0.962962962962963,1.0,0.9600000000000001
60,36000,patient28,impaired_01,impaired,432,117,1.0,1.0,1.0,1.0,1.0
60,36000,patient28,impaired_02,impaired,432,117,0.8888888888888888,0.8900280112044818,0.9600000000000001,0.8571428571428571,0.8529411764705882
60,36000,patient28,impaired_03,impaired,432,117,0.6324786324786325,0.5571492780795106,0.945945945945946,0.6324786324786326,0.09302325581395347
60,36000,patient28,impaired_04,impaired,432,117,0.8717948717948718,0.8681318681318682,1.0,0.8351648351648352,0.7692307692307693
60,36000,patient28,impaired_05,impaired,432,117,0.8034188034188035,0.7944109727614882,0.9870129870129869,0.7628865979381444,0.6333333333333333
60,36000,patient28,impaired_06,impaired,432,117,0.9572649572649573,0.9571864410120389,0.9873417721518987,0.9382716049382716,0.945945945945946
60,36000,patient28,impaired_07,impaired,432,117,0.9230769230769231,0.9203665363085655,0.962962962962963,0.9285714285714286,0.8695652173913044
60,36000,patient29,healthy_01,healthy,432,117,0.9829059829059829,0.9829045778412867,0.9873417721518987,0.9743589743589743,0.9870129870129869
60,36000,patient29,healthy_02,healthy,432,117,0.9829059829059829,0.982905982905983,1.0,0.9743589743589743,0.9743589743589743
60,36000,patient29,impaired_01,impaired,432,117,0.9230769230769231,0.9229341036257598,0.951219512195122,0.8860759493670887,0.9315068493150686
60,36000,patient29,impaired_02,impaired,432,117,0.8205128205128205,0.8086731135280592,0.9873417721518987,0.7835051546391754,0.6551724137931034
60,36000,patient29,impaired_03,impaired,432,117,0.9658119658119658,0.9655785032200755,0.9873417721518987,0.9473684210526315,0.9620253164556962
60,36000,patient29,impaired_04,impaired,432,117,0.9401709401709402,0.9396851698425849,1.0,0.9176470588235294,0.9014084507042254
60,36000,patient30,healthy_01,healthy,432,117,0.9658119658119658,0.9657805907172996,0.9600000000000001,0.9500000000000001,0.9873417721518987
60,36000,patient30,healthy_02,healthy,432,117,0.811965811965812,0.794121139057848,0.9873417721518987,0.787878787878788,0.6071428571428571
60,36000,patient30,impaired_01,impaired,432,117,0.9829059829059829,0.9827892516100377,0.9873417721518987,0.9873417721518987,0.9736842105263158
60,36000,patient30,impaired_02,impaired,432,117,0.8974358974358975,0.8949494949494948,1.0,0.8666666666666666,0.8181818181818181
60,36000,patient31,healthy_01,healthy,432,117,0.9829059829059829,0.9829045778412867,0.9873417721518987,0.9870129870129869,0.9743589743589743
60,36000,patient31,healthy_02,healthy,432,117,0.9743589743589743,0.9743209876543211,1.0,0.962962962962963,0.9600000000000001
60,36000,patient31,impaired_01,impaired,432,117,0.905982905982906,0.9054741554741556,0.8611111111111112,0.9743589743589743,0.8809523809523809
60,36000,patient31,impaired_02,impaired,432,117,0.717948717948718,0.6858700209643606,0.7358490566037735,0.9066666666666667,0.4150943396226415
60,36000,patient31,impaired_03,impaired,432,117,0.9230769230769231,0.9223912349750026,0.9873417721518987,0.8941176470588235,0.8857142857142858
60,36000,patient31,impaired_04,impaired,432,117,0.9829059829059829,0.9828947368421054,0.9736842105263158,1.0,0.975
60,36000,patient31,impaired_05,impaired,432,117,0.9230769230769231,0.9220389805097451,1.0,0.896551724137931,0.8695652173913044
60,36000,patient31,impaired_06,impaired,432,117,0.7863247863247863,0.7618912873581803,0.9285714285714286,0.7956989247311828,0.5614035087719298
60,36000,patient32,healthy_01,healthy,432,117,0.7435897435897436,0.7167755991285404,1.0,0.7058823529411765,0.4444444444444444
60,36000,patient32,healthy_02,healthy,432,117,0.9829059829059829,0.9828947368421054,1.0,0.975,0.9736842105263158
60,36000,patient32,impaired_01,impaired,432,117,0.7350427350427351,0.6853406207300411,1.0,0.7155963302752294,0.3404255319148936
60,36000,patient32,impaired_02,impaired,432,117,0.9658119658119658,0.9657894736842105,1.0,0.9500000000000001,0.9473684210526315
60,36000,patient32,impaired_03,impaired,432,117,0.8632478632478633,0.8572409059711736,1.0,0.8297872340425533,0.7419354838709677
60,36000,patient32,impaired_04,impaired,432,117,0.8547008547008547,0.849121010411333,1.0,0.8172043010752689,0.7301587301587301
60,36000,patient32,impaired_05,impaired,432,117,0.8974358974358975,0.8949494949494948,1.0,0.8666666666666666,0.8181818181818181
60,36000,patient32,impaired_06,impaired,432,117,0.8717948717948718,0.8700649675162418,1.0,0.8275862068965517,0.7826086956521738
60,36000,patient32,impaired_07,impaired,432,117,0.9145299145299145,0.9136212624584719,1.0,0.8837209302325582,0.8571428571428572
60,36000,patient32,impaired_08,impaired,432,117,0.8717948717948718,0.8668714797747056,1.0,0.8387096774193548,0.761904761904762
60,36000,patient32,impaired_09,impaired,432,117,0.905982905982906,0.903975661917188,0.951219512195122,0.8493150684931507,0.9113924050632911
60,36000,patient32,impaired_10,impaired,432,117,0.9145299145299145,0.9136985086352175,0.9873417721518987,0.8648648648648648,0.888888888888889
60,36000,patient32,impaired_11,impaired,432,117,0.8290598290598291,0.8224287050023374,0.975,0.7826086956521738,0.7096774193548387
60,36000,patient32,impaired_12,impaired,432,117,0.8974358974358975,0.8954607046070461,0.975,0.8333333333333333,0.878048780487805
60,36000,patient33,healthy_01,healthy,432,117,1.0,1.0,1.0,1.0,1.0
60,36000,patient33,healthy_02,healthy,432,117,0.8632478632478633,0.8584444968594666,0.9873417721518987,0.8260869565217391,0.761904761904762
60,36000,patient33,impaired_01,impaired,432,117,0.9572649572649573,0.9570886284865491,1.0,0.9397590361445783,0.9315068493150686
60,36000,patient33,impaired_02,impaired,432,117,0.7692307692307693,0.7461778526657166,0.9873417721518987,0.7326732673267325,0.5185185185185185
60,36000,patient33,impaired_03,impaired,432,117,0.8888888888888888,0.8864853915344599,0.9873417721518987,0.853932584269663,0.8181818181818181
60,36000,patient33,impaired_04,impaired,432,117,0.7094017094017094,0.6505928853754941,1.0,0.6909090909090908,0.2608695652173913
60,36000,patient33,impaired_05,impaired,432,117,0.8290598290598291,0.817030260380014,1.0,0.7959183673469388,0.6551724137931034
60,36000,patient33,impaired_06,impaired,432,117,0.7521367521367521,0.7123784093076483,1.0,0.7289719626168224,0.4081632653061224
60,36000,patient34,healthy_01,healthy,432,117,0.905982905982906,0.9040751299681368,1.0,0.8764044943820225,0.835820895522388
60,36000,patient34,healthy_02,healthy,432,117,0.9914529914529915,0.9914515863882952,1.0,0.9873417721518987,0.9870129870129869
60,36000,patient34,impaired_01,impaired,432,117,0.8717948717948718,0.8681318681318682,1.0,0.8351648351648352,0.7692307692307693
60,36000,patient34,impaired_02,impaired,432,117,0.811965811965812,0.7957142857142857,1.0,0.78,0.6071428571428571
60,36000,patient34,impaired_03,impaired,432,117,0.717948717948718,0.6727064657638756,1.0,0.6915887850467289,0.326530612244898
60,36000,patient34,impaired_04,impaired,432,117,0.8376068376068376,0.827363271011707,1.0,0.8041237113402061,0.6779661016949152
60,36000,patient34,impaired_05,impaired,432,117,0.7435897435897436,0.7124575705433792,0.962962962962963,0.7128712871287128,0.4615384615384615
60,36000,patient34,impaired_06,impaired,432,117,0.8974358974358975,0.8957219251336898,1.0,0.8636363636363635,0.8235294117647058
60,36000,patient35,healthy_01,healthy,432,117,0.9487179487179487,0.9484126984126985,1.0,0.9285714285714286,0.9166666666666666
60,36000,patient35,healthy_02,healthy,432,117,0.8205128205128205,0.8064859117490698,1.0,0.787878787878788,0.631578947368421
60,36000,patient35,impaired_01,impaired,432,117,0.6581196581196581,0.6075471698113207,0.6226415094339622,1.0,0.19999999999999996
60,36000,patient35,impaired_02,impaired,432,117,0.8376068376068376,0.8329656862745098,0.7999999999999999,0.9176470588235294,0.7812500000000001
60,36000,patient35,impaired_03,impaired,432,117,0.717948717948718,0.673928830791576,0.962962962962963,0.7058823529411765,0.3529411764705882
60,36000,patient35,impaired_04,impaired,432,117,0.8803418803418803,0.8763586956521738,1.0,0.8478260869565216,0.7812500000000001
60,36000,patient35,impaired_05,impaired,432,117,0.6239316239316239,0.6281319570937057,0.8,0.5925925925925926,0.4918032786885246
60,36000,patient35,impaired_06,impaired,432,117,0.8632478632478633,0.859568327653434,0.9870129870129869,0.8297872340425533,0.761904761904762
60,36000,patient36,healthy_01,healthy,432,117,0.8632478632478633,0.8599326599326601,1.0,0.8222222222222223,0.7575757575757577
60,36000,patient36,healthy_02,healthy,432,117,0.7777777777777778,0.75,1.0,0.7499999999999999,0.5
60,36000,patient36,impaired_01,impaired,432,117,0.9743589743589743,0.9743547591648859,1.0,0.9610389610389611,0.9620253164556962
60,36000,patient36,impaired_02,impaired,432,117,0.9487179487179487,0.9486842105263157,1.0,0.9249999999999999,0.9210526315789475
60,36000,patient36,impaired_03,impaired,432,117,0.8376068376068376,0.8295081967213115,1.0,0.8,0.6885245901639344
60,36000,patient36,impaired_04,impaired,432,117,0.9658119658119658,0.9657814570095272,0.9870129870129869,0.9473684210526315,0.962962962962963
60,36000,patient37,healthy_01,healthy,432,117,0.9743589743589743,0.9743209876543211,1.0,0.962962962962963,0.9600000000000001
60,36000,patient37,healthy_02,healthy,432,117,1.0,1.0,1.0,1.0,1.0
60,36000,patient37,impaired_01,impaired,432,117,1.0,1.0,1.0,1.0,1.0
60,36000,patient37,impaired_02,impaired,432,117,0.9829059829059829,0.9828947368421054,1.0,0.975,0.9736842105263158
60,36000,patient37,impaired_03,impaired,432,117,0.9401709401709402,0.9399240798811684,1.0,0.9156626506024097,0.9041095890410958
60,36000,patient37,impaired_04,impaired,432,117,0.9401709401709402,0.9399240798811684,1.0,0.9156626506024097,0.9041095890410958
60,36000,patient38,healthy_01,healthy,432,117,0.9572649572649573,0.9572579319414762,1.0,0.9367088607594937,0.935064935064935
60,36000,patient38,healthy_02,healthy,432,117,0.8888888888888888,0.8857142857142858,1.0,0.8571428571428571,0.8
60,36000,patient38,impaired_01,impaired,432,117,1.0,1.0,1.0,1.0,1.0
60,36000,patient38,impaired_02,impaired,432,117,1.0,1.0,1.0,1.0,1.0
60,36000,patient38,impaired_03,impaired,416,117,0.8034188034188035,0.7846984698469847,1.0,0.7722772277227723,0.5818181818181819
60,36000,patient38,impaired_04,impaired,432,117,0.9145299145299145,0.9131016042780749,1.0,0.8863636363636364,0.8529411764705882
60,36000,patient39,healthy_01,healthy,432,117,0.7948717948717948,0.7771428571428571,1.0,0.76,0.5714285714285713
60,36000,patient39,impaired_01,impaired,432,117,0.8632478632478633,0.8599326599326601,1.0,0.8222222222222223,0.7575757575757577
60,36000,patient39,impaired_02,impaired,432,117,0.8717948717948718,0.8707539353769677,1.0,0.8235294117647058,0.7887323943661971
60,36000,patient39,impaired_03,impaired,432,117,0.811965811965812,0.8037062457103638,1.0,0.7659574468085106,0.6451612903225806
60,36000,patient39,impaired_04,impaired,432,117,0.7606837606837606,0.7334967320261438,0.975,0.7254901960784315,0.5
60,36000,patient40,healthy_01,healthy,432,117,0.9914529914529915,0.9914515863882952,0.9873417721518987,1.0,0.9870129870129869
60,36000,patient40,healthy_02,healthy,432,117,1.0,1.0,1.0,1.0,1.0
60,36000,patient40,impaired_01,impaired,432,117,0.9316239316239316,0.9308970099667774,1.0,0.9069767441860465,0.8857142857142858
60,36000,patient40,impaired_02,impaired,432,117,0.905982905982906,0.9040751299681368,1.0,0.8764044943820225,0.835820895522388
60,36000,patient40,impaired_03,impaired,432,117,0.9658119658119658,0.9657894736842105,1.0,0.9500000000000001,0.9473684210526315
60,36000,patient40,impaired_04,impaired,432,117,0.9230769230769231,0.9220389805097451,1.0,0.896551724137931,0.8695652173913044
60,36000,patient40,impaired_05,impaired,432,117,0.8803418803418803,0.8763586956521738,1.0,0.8478260869565216,0.7812500000000001
60,36000,patient40,impaired_06,impaired,432,117,0.6666666666666666,0.5555555555555555,1.0,0.6666666666666666,0.0
60,36000,patient40,impaired_07,impaired,432,117,0.6153846153846154,0.5888537233075047,0.8181818181818181,0.6218487394957982,0.326530612244898
60,36000,patient40,impaired_08,impaired,432,117,0.7606837606837606,0.7295664127384157,0.9873417721518987,0.7307692307692307,0.47058823529411764
60,36000,patient40,impaired_09,impaired,432,117,0.8803418803418803,0.8763586956521738,1.0,0.8478260869565216,0.7812500000000001
60,36000,patient40,impaired_10,impaired,432,117,0.5470085470085471,0.5197128893966407,0.4081632653061224,0.5954198473282443,0.5555555555555556
60,36000,patient40,impaired_11,impaired,432,117,0.8888888888888888,0.8864853915344599,0.9873417721518987,0.853932584269663,0.8181818181818181
60,36000,patient41,healthy_01,healthy,432,117,0.9230769230769231,0.922759531275788,1.0,0.891566265060241,0.8767123287671232
60,36000,patient41,healthy_02,healthy,432,117,0.8205128205128205,0.8091909837497816,1.0,0.7835051546391754,0.6440677966101694
60,36000,patient41,impaired_01,impaired,432,117,0.5213675213675214,0.5152096179010289,0.5970149253731343,0.5172413793103449,0.4313725490196078
60,36000,patient41,impaired_02,impaired,432,117,0.5384615384615384,0.5147452902145813,0.5806451612903226,0.5932203389830508,0.37037037037037035
60,36000,patient41,impaired_03,impaired,432,117,0.8290598290598291,0.8276246170983014,0.888888888888889,0.736842105263158,0.8571428571428572
60,36000,patient42,healthy_01,healthy,432,117,0.9316239316239316,0.9308970099667774,1.0,0.9069767441860465,0.8857142857142858
60,36000,patient42,healthy_02,healthy,432,117,0.9487179487179487,0.94855929658655,0.9873417721518987,0.9268292682926831,0.9315068493150686
60,36000,patient42,impaired_01,impaired,432,117,0.9743589743589743,0.9742465691832781,0.9873417721518987,0.9610389610389611,0.9743589743589743
60,36000,patient42,impaired_02,impaired,432,117,0.9572649572649573,0.9572373695180713,0.962962962962963,0.9736842105263158,0.935064935064935
60,36000,patient42,impaired_03,impaired,432,117,0.8290598290598291,0.8194444444444443,1.0,0.7916666666666666,0.6666666666666666
60,36000,patient43,healthy_01,healthy,432,117,0.8717948717948718,0.8741590142128203,0.8450704225352113,0.8314606741573033,0.945945945945946
60,36000,patient43,healthy_02,healthy,432,117,0.9743589743589743,0.9741139240506329,0.975,0.9600000000000001,0.9873417721518987
60,36000,patient43,impaired_01,impaired,432,117,0.905982905982906,0.9040751299681368,1.0,0.8764044943820225,0.835820895522388
60,36000,patient43,impaired_02,impaired,432,117,0.9829059829059829,0.9828947368421054,1.0,0.975,0.9736842105263158
60,36000,patient44,healthy_01,healthy,432,117,0.9914529914529915,0.9914515863882952,0.9873417721518987,0.9870129870129869,1.0
60,36000,patient44,healthy_02,healthy,432,117,0.9658119658119658,0.965721819380356,1.0,0.951219512195122,0.945945945945946
60,36000,patient44,impaired_01,impaired,432,117,0.9230769230769231,0.9212945779097499,0.9873417721518987,0.9069767441860465,0.8695652173913044
60,36000,patient44,impaired_02,impaired,432,117,0.9572649572649573,0.9566893778873631,0.9873417721518987,0.9315068493150686,0.951219512195122
60,36000,patient44,impaired_03,impaired,432,117,0.9230769230769231,0.9224523612261807,1.0,0.8941176470588235,0.8732394366197183
60,36000,patient44,impaired_04,impaired,432,117,0.8803418803418803,0.8763586956521738,1.0,0.8478260869565216,0.7812500000000001
60,36000,patient45,healthy_01,healthy,432,117,0.9572649572649573,0.9567862165963431,0.975,0.9333333333333333,0.9620253164556962
60,36000,patient45,healthy_02,healthy,432,117,0.9316239316239316,0.9311707092060096,0.9873417721518987,0.9047619047619048,0.9014084507042254
60,36000,patient45,impaired_01,impaired,432,117,0.8974358974358975,0.8957219251336898,1.0,0.8636363636363635,0.8235294117647058
60,36000,patient45,impaired_02,impaired,432,117,0.8547008547008547,0.849121010411333,1.0,0.8172043010752689,0.7301587301587301
60,36000,patient46,healthy_01,healthy,432,117,0.8632478632478633,0.8586956521739131,1.0,0.8260869565217391,0.7500000000000001
60,36000,patient46,healthy_02,healthy,432,117,0.905982905982906,0.9040751299681368,1.0,0.8764044943820225,0.835820895522388
60,36000,patient46,impaired_01,impaired,432,117,0.9487179487179487,0.9485827290705341,1.0,0.9268292682926831,0.9189189189189189
60,36000,patient46,impaired_02,impaired,432,117,0.8632478632478633,0.8572409059711736,1.0,0.8297872340425533,0.7419354838709677
60,36000,patient46,impaired_03,impaired,432,117,0.8974358974358975,0.8949494949494948,1.0,0.8666666666666666,0.8181818181818181
60,36000,patient46,impaired_04,impaired,432,117,0.9230769230769231,0.9224523612261807,1.0,0.8941176470588235,0.8732394366197183
60,36000,patient46,impaired_05,impaired,432,117,1.0,1.0,1.0,1.0,1.0
60,36000,patient46,impaired_06,impaired,432,117,0.8461538461538461,0.8375,1.0,0.8125000000000001,0.7000000000000001
60,36000,patient46,impaired_07,impaired,432,117,0.717948717948718,0.6760204081632653,0.975,0.6857142857142856,0.3673469387755102
60,36000,patient46,impaired_08,impaired,432,117,0.7777777777777778,0.7535805660533459,0.9873417721518987,0.7450980392156863,0.5283018867924528
60,36000,patient46,impaired_09,impaired,432,117,0.8034188034188035,0.8011260499464458,0.975,0.7160493827160495,0.7123287671232877
60,36000,patient46,impaired_10,impaired,432,117,0.8974358974358975,0.8959994909214322,0.9397590361445783,0.875,0.8732394366197183
60,36000,patient47,healthy_01,healthy,432,117,1.0,1.0,1.0,1.0,1.0
60,36000,patient47,healthy_02,healthy,432,117,0.9743589743589743,0.9743547591648859,1.0,0.9620253164556962,0.9610389610389611
60,36000,patient47,impaired_01,impaired,432,117,0.9743589743589743,0.9743504330446369,0.9736842105263158,0.9620253164556962,0.9873417721518987
60,36000,patient47,impaired_02,impaired,432,117,0.9401709401709402,0.9411976682564918,0.9600000000000001,0.9176470588235294,0.945945945945946
60,36000,patient47,impaired_03,impaired,432,117,0.8290598290598291,0.817030260380014,1.0,0.7959183673469388,0.6551724137931034
60,36000,patient47,impaired_04,impaired,432,117,0.6666666666666666,0.6402987299782894,0.3389830508474576,0.7289719626168224,0.8529411764705882
60,36000,patient47,impaired_05,impaired,432,117,0.8547008547008547,0.85623981753014,0.9333333333333333,0.8172043010752689,0.8181818181818181
60,36000,patient48,healthy_01,healthy,432,117,0.8034188034188035,0.7846984698469847,1.0,0.7722772277227723,0.5818181818181819
60,36000,patient48,healthy_02,healthy,432,117,0.9743589743589743,0.9742465691832781,0.9873417721518987,0.9743589743589743,0.9610389610389611
60,36000,patient48,impaired_01,impaired,432,117,0.8205128205128205,0.8235618530459868,0.7499999999999999,0.9014084507042254,0.8192771084337349
90,54000,patient1,healthy_01,healthy,432,117,0.9743589743589743,0.9743547591648859,1.0,0.9620253164556962,0.9610389610389611
90,54000,patient1,healthy_02,healthy,432,117,0.9658119658119658,0.965721819380356,1.0,0.951219512195122,0.945945945945946
90,54000,patient1,impaired_01,impaired,432,117,0.7521367521367521,0.7123784093076483,1.0,0.7289719626168224,0.4081632653061224
90,54000,patient1,impaired_02,impaired,432,117,0.9572649572649573,0.9570886284865491,1.0,0.9397590361445783,0.9315068493150686
90,54000,patient1,impaired_03,impaired,432,117,0.8974358974358975,0.8963455149501659,1.0,0.8604651162790696,0.8285714285714285
90,54000,patient1,impaired_04,impaired,432,117,0.9658119658119658,0.965721819380356,1.0,0.951219512195122,0.945945945945946
90,54000,patient1,impaired_05,impaired,432,117,0.8803418803418803,0.8763586956521738,1.0,0.8478260869565216,0.7812500000000001
90,54000,patient1,impaired_06,impaired,432,117,0.905982905982906,0.9040751299681368,1.0,0.8764044943820225,0.835820895522388
90,54000,patient2,healthy_01,healthy,432,117,0.7948717948717948,0.7734204793028322,1.0,0.7647058823529412,0.5555555555555556
90,54000,patient2,healthy_02,healthy,432,117,0.7350427350427351,0.6853406207300411,1.0,0.7155963302752294,0.3404255319148936
90,54000,patient2,impaired_01,impaired,432,117,0.7350427350427351,0.7047078219454113,1.0,0.6990291262135923,0.4150943396226415
90,54000,patient2,impaired_02,impaired,432,117,0.6324786324786325,0.5398230088495576,1.0,0.6194690265486726,0.0
90,54000,patient2,impaired_03,impaired,432,117,0.8974358974358975,0.8971654581410679,1.0,0.8536585365853658,0.8378378378378378
90,54000,patient2,impaired_04,impaired,432,117,0.8205128205128205,0.8136200716845878,1.0,0.7741935483870968,0.6666666666666667
90,54000,patient2,impaired_05,impaired,432,117,1.0,1.0,1.0,1.0,1.0
90,54000,patient2,impaired_06,impaired,432,117,0.8803418803418803,0.8763586956521738,1.0,0.8478260869565216,0.7812500000000001
90,54000,patient3,healthy_01,healthy,432,117,0.9658119658119658,0.965721819380356,1.0,0.951219512195122,0.945945945945946
90,54000,patient3,healthy_02,healthy,432,117,0.6666666666666666,0.5555555555555555,1.0,0.6666666666666666,0.0
90,54000,patient3,impaired_01,impaired,432,117,0.6666666666666666,0.5555555555555555,1.0,0.6666666666666666,0.0
90,54000,patient3,impaired_02,impaired,432,117,0.8974358974358975,0.8994422994422995,0.945945945945946,0.8666666666666666,0.8857142857142858
90,54000,patient3,impaired_03,impaired,432,117,0.8376068376068376,0.827363271011707,1.0,0.8041237113402061,0.6779661016949152
90,54000,patient3,impaired_04,impaired,432,117,0.8803418803418803,0.8774410774410774,1.0,0.8444444444444443,0.7878787878787878
90,54000,patient3,impaired_05,impaired,432,117,0.9914529914529915,0.9914515863882952,1.0,0.9873417721518987,0.9870129870129869
90,54000,patient3,impaired_06,impaired,432,117,0.9401709401709402,0.9396851698425849,1.0,0.9176470588235294,0.9014084507042254
90,54000,patient4,healthy_01,healthy,432,117,0.9829059829059829,0.9828947368421054,1.0,0.9736842105263158,0.975
90,54000,patient4,healthy_02,healthy,424,117,0.8632478632478633,0.8584444968594666,0.9873417721518987,0.8260869565217391,0.761904761904762
90,54000,patient4,impaired_01,impaired,432,117,0.9230769230769231,0.9220389805097451,1.0,0.896551724137931,0.8695652173913044
90,54000,patient4,impaired_02,impaired,432,117,0.9914529914529915,0.9914515863882952,1.0,0.9873417721518987,0.9870129870129869
90,54000,patient4,impaired_03,impaired,432,117,1.0,1.0,1.0,1.0,1.0
90,54000,patient4,impaired_04,impaired,432,117,0.9658119658119658,0.965721819380356,1.0,0.951219512195122,0.945945945945946
90,54000,patient4,impaired_05,impaired,432,117,0.8034188034188035,0.787387132323841,0.9873417721518987,0.7676767676767675,0.6071428571428571
90,54000,patient4,impaired_06,impaired,432,117,0.8717948717948718,0.8668714797747056,1.0,0.8387096774193548,0.761904761904762
90,54000,patient4,impaired_07,impaired,432,117,0.7435897435897436,0.6990740740740741,1.0,0.7222222222222222,0.375
90,54000,patient5,healthy_01,healthy,432,117,0.7264957264957265,0.6790123456790124,1.0,0.7037037037037037,0.3333333333333333
90,54000,patient5,healthy_02,healthy,432,117,0.9145299145299145,0.9131016042780749,1.0,0.8863636363636364,0.8529411764705882
90,54000,patient5,impaired_01,impaired,432,117,0.8547008547008547,0.8474547023295944,1.0,0.8210526315789474,0.7213114754098361
90,54000,patient5,impaired_02,impaired,432,117,0.9487179487179487,0.9484126984126985,1.0,0.9285714285714286,0.9166666666666666
90,54000,patient5,impaired_03,impaired,432,117,0.8888888888888888,0.8857142857142858,1.0,0.8571428571428571,0.8
90,54000,patient6,healthy_01,healthy,432,117,0.9487179487179487,0.9490304216331613,0.9870129870129869,0.9285714285714286,0.9315068493150686
90,54000,patient6,impaired_01,impaired,432,117,0.6495726495726496,0.5478260869565217,1.0,0.6434782608695652,0.0
90,54000,patient6,impaired_02,impaired,432,117,0.7521367521367521,0.7183940242763772,1.0,0.7238095238095238,0.4313725490196078
90,54000,patient6,impaired_03,impaired,432,117,0.6837606837606838,0.604033751800782,1.0,0.6725663716814159,0.13953488372093026
90,54000,patient6,impaired_04,impaired,432,117,0.8547008547008547,0.8474547023295944,1.0,0.8210526315789474,0.7213114754098361
90,54000,patient7,healthy_01,healthy,432,117,0.9743589743589743,0.9743209876543211,1.0,0.962962962962963,0.9600000000000001
90,54000,patient7,healthy_02,healthy,432,117,0.9316239316239316,0.9308970099667774,1.0,0.9069767441860465,0.8857142857142858
90,54000,patient7,impaired_01,impaired,432,117,0.9829059829059829,0.9828947368421052,0.9736842105263158,0.975,1.0
90,54000,patient7,impaired_02,impaired,432,117,0.7777777777777778,0.7665364391370583,0.9473684210526315,0.7450980392156863,0.6071428571428571
90,54000,patient7,impaired_03,impaired,432,117,0.9145299145299145,0.9136212624584719,0.8571428571428572,0.8837209302325582,1.0
90,54000,patient7,impaired_04,impaired,432,117,0.8717948717948718,0.8749805204924419,0.9166666666666666,0.8387096774193548,0.8695652173913044
90,54000,patient7,impaired_05,impaired,432,117,0.9914529914529915,0.9914515863882952,1.0,0.9873417721518987,0.9870129870129869
90,54000,patient7,impaired_06,impaired,432,117,0.9658119658119658,0.9658077506178772,0.9610389610389611,0.9620253164556962,0.9743589743589743
90,54000,patient7,impaired_07,impaired,432,117,1.0,1.0,1.0,1.0,1.0
90,54000,patient7,impaired_08,impaired,432,117,0.9401709401709402,0.9396851698425849,1.0,0.9176470588235294,0.9014084507042254
90,54000,patient7,impaired_09,impaired,432,117,1.0,1.0,1.0,1.0,1.0
90,54000,patient8,healthy_01,healthy,432,117,0.8632478632478633,0.8572409059711736,1.0,0.8297872340425533,0.7419354838709677
90,54000,patient8,impaired_01,impaired,432,117,0.9487179487179487,0.9494005283478968,0.9736842105263158,0.9285714285714286,0.945945945945946
90,54000,patient8,impaired_02,impaired,432,117,0.7948717948717948,0.7734204793028322,1.0,0.7647058823529412,0.5555555555555556
90,54000,patient9,healthy_01,healthy,432,117,0.9230769230769231,0.9220389805097451,1.0,0.896551724137931,0.8695652173913044
90,54000,patient9,impaired_01,impaired,432,117,0.8290598290598291,0.8194444444444443,1.0,0.7916666666666666,0.6666666666666666
90,54000,patient9,impaired_02,impaired,432,117,0.9487179487179487,0.9486842105263157,1.0,0.9249999999999999,0.9210526315789475
90,54000,patient9,impaired_03,impaired,432,117,0.8717948717948718,0.8668714797747056,1.0,0.8387096774193548,0.761904761904762
90,54000,patient9,impaired_04,impaired,432,117,0.7264957264957265,0.6711462450592885,1.0,0.7090909090909091,0.30434782608695654
90,54000,patient9,impaired_05,impaired,432,117,0.7948717948717948,0.7771428571428571,1.0,0.76,0.5714285714285713
90,54000,patient9,impaired_06,impaired,432,117,0.8803418803418803,0.8783422459893048,1.0,0.8409090909090908,0.7941176470588235
90,54000,patient10,healthy_01,healthy,432,117,0.8974358974358975,0.8957219251336898,1.0,0.8636363636363635,0.8235294117647058
90,54000,patient10,healthy_02,healthy,432,117,0.9401709401709402,0.9399240798811684,1.0,0.9156626506024097,0.9041095890410958
90,54000,patient10,impaired_01,impaired,432,117,0.7606837606837606,0.7307692307692308,1.0,0.7307692307692307,0.4615384615384615
90,54000,patient10,impaired_02,impaired,432,117,0.7692307692307693,0.7378151260504202,1.0,0.7428571428571429,0.47058823529411764
90,54000,patient10,impaired_03,impaired,432,117,0.8803418803418803,0.8783422459893048,1.0,0.8409090909090908,0.7941176470588235
90,54000,patient10,impaired_04,impaired,432,117,0.7094017094017094,0.6412337662337663,1.0,0.6964285714285715,0.22727272727272727
90,54000,patient10,impaired_05,impaired,432,117,0.7606837606837606,0.7252830188679246,1.0,0.7358490566037735,0.44000000000000006
90,54000,patient10,impaired_06,impaired,432,117,0.8205128205128205,0.8064859117490698,1.0,0.787878787878788,0.631578947368421
90,54000,patient10,impaired_07,impaired,432,117,0.8974358974358975,0.8966741571131734,0.9397590361445783,0.8461538461538461,0.9041095890410958
90,54000,patient10,impaired_08,impaired,432,117,0.9230769230769231,0.9220389805097451,1.0,0.896551724137931,0.8695652173913044
90,54000,patient11,healthy_01,healthy,432,117,0.9572649572649573,0.9571396846546746,0.9873417721518987,0.9367088607594937,0.9473684210526315
90,54000,patient11,healthy_02,healthy,432,117,0.9230769230769231,0.9234652460679859,0.9500000000000001,0.888888888888889,0.9315068493150686
90,54000,patient11,impaired_01,impaired,432,117,0.7692307692307693,0.7472547254725471,1.0,0.7326732673267325,0.509090909090909
90,54000,patient11,impaired_02,impaired,432,117,0.9230769230769231,0.9224097226062504,0.9870129870129869,0.9069767441860465,0.8732394366197183
90,54000,patient11,impaired_03,impaired,432,117,0.8205128205128205,0.8246021355212242,0.8888888888888888,0.7789473684210526,0.8059701492537313
90,54000,patient11,impaired_04,impaired,432,117,0.9230769230769231,0.9220389805097451,1.0,0.896551724137931,0.8695652173913044
90,54000,patient12,healthy_01,healthy,432,117,0.7094017094017094,0.6412337662337663,1.0,0.6964285714285715,0.22727272727272727
90,54000,patient12,healthy_02,healthy,432,117,0.6752136752136753,0.5856625852420637,0.9870129870129869,0.6724137931034482,0.09756097560975609
90,54000,patient12,impaired_01,impaired,432,117,0.9658119658119658,0.9660774997360363,0.951219512195122,0.9600000000000001,0.9870129870129869
90,54000,patient12,impaired_02,impaired,432,117,0.8547008547008547,0.849121010411333,1.0,0.8172043010752689,0.7301587301587301
90,54000,patient12,impaired_03,impaired,432,117,0.9658119658119658,0.965721819380356,1.0,0.951219512195122,0.945945945945946
90,54000,patient12,impaired_04,impaired,432,117,0.811965811965812,0.7957142857142857,1.0,0.78,0.6071428571428571
90,54000,patient12,impaired_05,impaired,432,117,0.9743589743589743,0.9743547591648859,1.0,0.9620253164556962,0.9610389610389611
90,54000,patient12,impaired_06,impaired,432,117,0.9914529914529915,0.9914515863882952,1.0,0.9870129870129869,0.9873417721518987
90,54000,patient12,impaired_07,impaired,432,117,0.9145299145299145,0.91449864498645,0.9,0.9268292682926831,0.9166666666666666
90,54000,patient12,impaired_08,impaired,432,117,0.7948717948717948,0.774524312896406,0.8863636363636364,0.8372093023255814,0.6
90,54000,patient12,impaired_09,impaired,432,117,0.8290598290598291,0.8281836824036312,0.8529411764705882,0.8478260869565216,0.7837837837837838
90,54000,patient13,healthy_01,healthy,432,117,0.9145299145299145,0.9163254163254163,0.945945945945946,0.8863636363636364,0.9166666666666666
90,54000,patient13,healthy_02,healthy,432,117,0.9145299145299145,0.9131016042780749,1.0,0.8863636363636364,0.8529411764705882
90,54000,patient13,impaired_01,impaired,432,117,0.9658119658119658,0.9660143949617633,0.9743589743589743,0.9500000000000001,0.9736842105263158
90,54000,patient13,impaired_02,impaired,432,117,0.8974358974358975,0.8960905349794238,0.9135802469135802,0.9135802469135802,0.8611111111111112
90,54000,patient13,impaired_03,impaired,432,117,0.8290598290598291,0.8194444444444443,1.0,0.7916666666666666,0.6666666666666666
90,54000,patient14,healthy_01,healthy,432,117,1.0,1.0,1.0,1.0,1.0
90,54000,patient14,healthy_02,healthy,432,117,0.8034188034188035,0.7936151855047454,1.0,0.7578947368421053,0.6229508196721312
90,54000,patient14,impaired_01,impaired,432,117,0.5641025641025641,0.5175769264486718,0.7352941176470588,0.5901639344262295,0.22727272727272727
90,54000,patient14,impaired_02,impaired,432,117,0.8290598290598291,0.8224287050023374,0.975,0.7826086956521738,0.7096774193548387
90,54000,patient15,healthy_01,healthy,432,117,0.8376068376068376,0.8313705410479604,1.0,0.7956989247311828,0.6984126984126983
90,54000,patient15,healthy_02,healthy,432,117,0.9145299145299145,0.9136212624584719,1.0,0.8837209302325582,0.8571428571428572
90,54000,patient15,impaired_01,impaired,432,117,0.9829059829059829,0.982905982905983,1.0,0.9743589743589743,0.9743589743589743
90,54000,patient16,healthy_01,healthy,432,117,0.8461538461538461,0.8393960192175705,1.0,0.8085106382978723,0.7096774193548387
90,54000,patient16,healthy_02,healthy,432,117,0.8461538461538461,0.8375,0.8125000000000001,1.0,0.7000000000000001
90,54000,patient16,impaired_01,impaired,432,117,0.9743589743589743,0.9743209876543211,1.0,0.962962962962963,0.9600000000000001
90,54000,patient16,impaired_02,impaired,432,117,0.9743589743589743,0.9743209876543211,0.962962962962963,0.9600000000000001,1.0
90,54000,patient17,healthy_01,healthy,432,117,0.9401709401709402,0.9396851698425849,1.0,0.9176470588235294,0.9014084507042254
90,54000,patient17,healthy_02,healthy,432,117,0.9316239316239316,0.9308970099667774,1.0,0.9069767441860465,0.8857142857142858
90,54000,patient17,impaired_01,impaired,432,117,0.9572649572649573,0.9572362869198313,0.975,0.9600000000000001,0.9367088607594937
90,54000,patient17,impaired_02,impaired,432,117,0.8290598290598291,0.8215511324639669,1.0,0.7872340425531915,0.6774193548387096
90,54000,patient17,impaired_03,impaired,432,117,0.8205128205128205,0.8064859117490698,1.0,0.787878787878788,0.631578947368421
90,54000,patient17,impaired_04,impaired,432,117,0.905982905982906,0.9064821143768512,0.8863636363636364,0.9473684210526315,0.8857142857142858
90,54000,patient17,impaired_05,impaired,432,117,0.8205128205128205,0.8064859117490698,1.0,0.787878787878788,0.631578947368421
90,54000,patient17,impaired_06,impaired,432,117,0.5641025641025641,0.4631985461154022,0.0,0.6290322580645161,0.7605633802816902
90,54000,patient17,impaired_07,impaired,432,117,0.7948717948717948,0.7898989898989899,1.0,0.7333333333333334,0.6363636363636364
90,54000,patient17,impaired_08,impaired,432,117,0.9743589743589743,0.9743504330446369,0.9736842105263158,0.9620253164556962,0.9873417721518987
90,54000,patient17,impaired_09,impaired,432,117,0.8547008547008547,0.849121010411333,1.0,0.8172043010752689,0.7301587301587301
90,54000,patient17,impaired_10,impaired,432,117,0.7948717948717948,0.7771428571428571,1.0,0.76,0.5714285714285713
90,54000,patient17,impaired_11,impaired,372,117,0.7521367521367521,0.7237589302069977,1.0,0.7184466019417476,0.45283018867924535
90,54000,patient17,impaired_12,impaired,372,117,0.7692307692307693,0.7569999209343471,0.945945945945946,0.7676767676767675,0.5573770491803278
90,54000,patient18,healthy_01,healthy,432,117,0.9401709401709402,0.9399240798811684,1.0,0.9156626506024097,0.9041095890410958
90,54000,patient18,healthy_02,healthy,432,117,0.9487179487179487,0.9484126984126985,1.0,0.9285714285714286,0.9166666666666666
90,54000,patient18,impaired_01,impaired,432,117,0.8632478632478633,0.8595982545349634,0.9873417721518987,0.8222222222222223,0.7692307692307693
90,54000,patient18,impaired_02,impaired,432,117,0.8888888888888888,0.8881384927676851,0.945945945945946,0.896551724137931,0.8219178082191781
90,54000,patient19,healthy_01,healthy,412,117,0.9914529914529915,0.9914515863882952,1.0,0.9870129870129869,0.9873417721518987
90,54000,patient19,healthy_02,healthy,372,117,0.8974358974358975,0.8929767028762724,0.9285714285714286,0.9268292682926831,0.8235294117647058
90,54000,patient19,impaired_01,impaired,432,117,0.9487179487179487,0.9487179487179488,1.0,0.9230769230769231,0.9230769230769231
90,54000,patient19,impaired_02,impaired,432,117,0.7264957264957265,0.7150339093273875,0.6562499999999999,0.8478260869565216,0.6410256410256411
90,54000,patient19,impaired_03,impaired,432,117,0.6837606837606838,0.6378066378066379,0.9610389610389611,0.6666666666666667,0.2857142857142857
90,54000,patient19,impaired_04,impaired,432,117,0.5897435897435898,0.5709939399575331,0.6333333333333333,0.6915887850467289,0.3880597014925373
90,54000,patient19,impaired_05,impaired,432,117,0.46153846153846156,0.402020202020202,0.5818181818181819,0.5333333333333333,0.09090909090909091
90,54000,patient20,healthy_01,healthy,432,117,0.9145299145299145,0.9131016042780749,1.0,0.8863636363636364,0.8529411764705882
90,54000,patient20,impaired_01,impaired,432,117,0.9145299145299145,0.9131016042780749,1.0,0.8863636363636364,0.8529411764705882
90,54000,patient20,impaired_02,impaired,432,117,0.7777777777777778,0.75,1.0,0.7499999999999999,0.5
90,54000,patient21,healthy_01,healthy,432,117,0.8632478632478633,0.8584444968594666,0.9873417721518987,0.8260869565217391,0.761904761904762
90,54000,patient21,impaired_01,impaired,432,117,0.9829059829059829,0.9828947368421054,1.0,0.975,0.9736842105263158
90,54000,patient21,impaired_02,impaired,392,117,0.8205128205128205,0.8153846153846155,1.0,0.7692307692307692,0.676923076923077
90,54000,patient21,impaired_03,impaired,392,117,0.7521367521367521,0.7439397838394236,0.975,0.6896551724137931,0.5671641791044776
90,54000,patient22,healthy_01,healthy,432,117,0.9572649572649573,0.9570886284865491,1.0,0.9397590361445783,0.9315068493150686
90,54000,patient22,healthy_02,healthy,432,117,1.0,1.0,1.0,1.0,1.0
90,54000,patient22,impaired_01,impaired,432,117,0.8461538461538461,0.8375,1.0,0.8125000000000001,0.7000000000000001
90,54000,patient22,impaired_02,impaired,432,117,0.9572649572649573,0.9570886284865491,1.0,0.9397590361445783,0.9315068493150686
90,54000,patient22,impaired_03,impaired,412,117,0.9572649572649573,0.9570415519782607,0.9873417721518987,0.935064935064935,0.9487179487179487
90,54000,patient22,impaired_04,impaired,292,117,0.8803418803418803,0.8796296296296297,1.0,0.8333333333333333,0.8055555555555556
90,54000,patient23,healthy_01,healthy,432,117,0.9401709401709402,0.9396851698425849,1.0,0.9176470588235294,0.9014084507042254
90,54000,patient23,healthy_02,healthy,432,117,0.9829059829059829,0.982905982905983,1.0,0.9743589743589743,0.9743589743589743
90,54000,patient23,impaired_01,impaired,432,117,0.9230769230769231,0.9224523612261807,1.0,0.8941176470588235,0.8732394366197183
90,54000,patient23,impaired_02,impaired,432,117,0.6923076923076923,0.6090225563909774,1.0,0.6842105263157895,0.14285714285714288
90,54000,patient24,healthy_01,healthy,432,117,0.9743589743589743,0.9743547591648859,1.0,0.9620253164556962,0.9610389610389611
90,54000,patient24,healthy_02,healthy,432,117,0.8888888888888888,0.884844455881512,0.975,0.8735632183908045,0.8059701492537313
90,54000,patient24,impaired_01,impaired,432,117,0.8974358974358975,0.89559967710355,0.9873417721518987,0.8636363636363635,0.835820895522388
90,54000,patient24,impaired_02,impaired,432,117,0.7521367521367521,0.7293532573572296,0.9736842105263158,0.7238095238095238,0.4905660377358491
90,54000,patient24,impaired_03,impaired,432,117,0.7094017094017094,0.6589506172839507,1.0,0.6851851851851853,0.29166666666666663
90,54000,patient25,healthy_01,healthy,432,117,1.0,1.0,1.0,1.0,1.0
90,54000,patient25,healthy_02,healthy,432,117,0.9316239316239316,0.9308970099667774,1.0,0.9069767441860465,0.8857142857142858
90,54000,patient25,impaired_01,impaired,432,117,0.7350427350427351,0.6908740486612248,0.9873417721518987,0.7102803738317757,0.375
90,54000,patient25,impaired_02,impaired,432,117,0.8717948717948718,0.8681318681318682,1.0,0.8351648351648352,0.7692307692307693
90,54000,patient25,impaired_03,impaired,432,117,0.7692307692307693,0.7378151260504202,1.0,0.7428571428571429,0.47058823529411764
90,54000,patient25,impaired_04,impaired,432,117,0.7521367521367521,0.7123784093076483,1.0,0.7289719626168224,0.4081632653061224
90,54000,patient25,impaired_05,impaired,432,117,0.6581196581196581,0.6153846153846154,1.0,0.6153846153846154,0.23076923076923075
90,54000,patient25,impaired_06,impaired,432,117,0.8376068376068376,0.827363271011707,1.0,0.8041237113402061,0.6779661016949152
90,54000,patient25,impaired_07,impaired,432,117,0.8290598290598291,0.826262212201954,0.9285714285714286,0.7560975609756098,0.7941176470588235
90,54000,patient25,impaired_08,impaired,432,117,0.9230769230769231,0.9223912349750026,0.9873417721518987,0.8941176470588235,0.8857142857142858
90,54000,patient26,healthy_01,healthy,432,117,0.9230769230769231,0.922759531275788,1.0,0.891566265060241,0.8767123287671232
90,54000,patient26,healthy_02,healthy,432,117,0.9829059829059829,0.9828947368421054,1.0,0.9736842105263158,0.975
90,54000,patient26,impaired_01,impaired,432,117,0.9230769230769231,0.9223912349750026,0.9873417721518987,0.8941176470588235,0.8857142857142858
90,54000,patient26,impaired_02,impaired,432,117,0.6495726495726496,0.6060317799448235,0.8831168831168831,0.6306306306306306,0.30434782608695654
90,54000,patient26,impaired_03,impaired,432,117,0.9230769230769231,0.9224523612261807,1.0,0.8941176470588235,0.8732394366197183
90,54000,patient26,impaired_04,impaired,432,117,0.8205128205128205,0.8183787364115234,0.945945945945946,0.787878787878788,0.7213114754098361
90,54000,patient26,impaired_05,impaired,432,117,0.8803418803418803,0.877262072198781,0.9873417721518987,0.8444444444444443,0.8
90,54000,patient26,impaired_06,impaired,432,117,0.7350427350427351,0.692542437535762,1.0,0.7102803738317757,0.3673469387755102
90,54000,patient26,impaired_07,impaired,432,117,0.9658119658119658,0.9655785032200755,0.9873417721518987,0.9620253164556962,0.9473684210526315
90,54000,patient27,healthy_01,healthy,432,117,0.905982905982906,0.9047143095119106,1.0,0.8735632183908045,0.8405797101449275
90,54000,patient27,healthy_02,healthy,432,117,0.9572649572649573,0.9570886284865491,1.0,0.9315068493150686,0.9397590361445783
90,54000,patient27,impaired_01,impaired,432,117,0.9914529914529915,0.9914515863882952,1.0,0.9870129870129869,0.9873417721518987
90,54000,patient27,impaired_02,impaired,432,117,0.9230769230769231,0.9220389805097451,1.0,0.896551724137931,0.8695652173913044
90,54000,patient27,impaired_03,impaired,432,117,0.9401709401709402,0.9387224956162679,0.975,0.9014084507042254,0.9397590361445783
90,54000,patient27,impaired_04,impaired,432,117,0.8461538461538461,0.8416666666666668,0.975,0.8000000000000002,0.7500000000000001
90,54000,patient27,impaired_05,impaired,432,117,0.7435897435897436,0.6990740740740741,1.0,0.7222222222222222,0.375
90,54000,patient27,impaired_06,impaired,432,117,0.9743589743589743,0.9742465691832781,0.9873417721518987,0.9610389610389611,0.9743589743589743
90,54000,patient28,healthy_01,healthy,432,117,0.6666666666666666,0.5555555555555555,1.0,0.6666666666666666,0.0
90,54000,patient28,healthy_02,healthy,432,117,0.9743589743589743,0.9743209876543211,0.962962962962963,1.0,0.9600000000000001
90,54000,patient28,impaired_01,impaired,432,117,1.0,1.0,1.0,1.0,1.0
90,54000,patient28,impaired_02,impaired,432,117,0.8888888888888888,0.8900280112044818,0.9600000000000001,0.8571428571428571,0.8529411764705882
90,54000,patient28,impaired_03,impaired,432,117,0.6410256410256411,0.5617506125980704,0.945945945945946,0.6440677966101694,0.09523809523809523
90,54000,patient28,impaired_04,impaired,432,117,0.8547008547008547,0.8513020979242,0.9873417721518987,0.8089887640449438,0.7575757575757577
90,54000,patient28,impaired_05,impaired,432,117,0.7777777777777778,0.7711972818355797,0.9870129870129869,0.723404255319149,0.6031746031746031
90,54000,patient28,impaired_06,impaired,432,117,0.9401709401709402,0.9401611047180668,1.0,0.9113924050632911,0.9090909090909091
90,54000,patient28,impaired_07,impaired,432,117,0.9145299145299145,0.91192282356941,0.962962962962963,0.9156626506024097,0.8571428571428572
90,54000,patient29,healthy_01,healthy,432,117,0.9829059829059829,0.9829045778412867,0.9873417721518987,0.9743589743589743,0.9870129870129869
90,54000,patient29,healthy_02,healthy,432,117,0.9743589743589743,0.9743506493506494,0.975,0.9610389610389611,0.9870129870129869
90,54000,patient29,impaired_01,impaired,432,117,0.9316239316239316,0.9314899374260106,0.962962962962963,0.9,0.9315068493150686
90,54000,patient29,impaired_02,impaired,432,117,0.8290598290598291,0.817030260380014,1.0,0.7959183673469388,0.6551724137931034
90,54000,patient29,impaired_03,impaired,432,117,0.9829059829059829,0.9829045778412867,0.9873417721518987,0.9743589743589743,0.9870129870129869
90,54000,patient29,impaired_04,impaired,432,117,0.9401709401709402,0.9396851698425849,1.0,0.9176470588235294,0.9014084507042254
90,54000,patient30,healthy_01,healthy,432,117,0.9743589743589743,0.9743209876543211,0.9600000000000001,0.962962962962963,1.0
90,54000,patient30,healthy_02,healthy,432,117,0.811965811965812,0.794121139057848,0.9873417721518987,0.787878787878788,0.6071428571428571
90,54000,patient30,impaired_01,impaired,432,117,0.9743589743589743,0.9742465691832781,0.9873417721518987,0.9743589743589743,0.9610389610389611
90,54000,patient30,impaired_02,impaired,432,117,0.8888888888888888,0.886634244507798,1.0,0.853932584269663,0.8059701492537313
90,54000,patient31,healthy_01,healthy,432,117,0.9658119658119658,0.9657805907172996,0.9873417721518987,0.9600000000000001,0.9500000000000001
90,54000,patient31,healthy_02,healthy,432,117,0.9743589743589743,0.9743209876543211,1.0,0.962962962962963,0.9600000000000001
90,54000,patient31,impaired_01,impaired,432,117,0.9145299145299145,0.9138445299079994,0.8732394366197183,0.9873417721518987,0.8809523809523809
90,54000,patient31,impaired_02,impaired,432,117,0.7264957264957265,0.6930013713529105,0.7428571428571429,0.9210526315789475,0.4150943396226415
90,54000,patient31,impaired_03,impaired,432,117,0.9230769230769231,0.9223912349750026,0.9873417721518987,0.8941176470588235,0.8857142857142858
90,54000,patient31,impaired_04,impaired,432,117,0.9829059829059829,0.9828947368421054,0.9736842105263158,1.0,0.975
90,54000,patient31,impaired_05,impaired,432,117,0.9230769230769231,0.9220389805097451,1.0,0.896551724137931,0.8695652173913044
90,54000,patient31,impaired_06,impaired,432,117,0.7777777777777778,0.7543014207182123,0.9285714285714286,0.7826086956521738,0.5517241379310346
90,54000,patient32,healthy_01,healthy,432,117,0.7692307692307693,0.7378151260504202,1.0,0.7428571428571429,0.47058823529411764
90,54000,patient32,healthy_02,healthy,432,117,0.9829059829059829,0.9828947368421054,1.0,0.975,0.9736842105263158
90,54000,patient32,impaired_01,impaired,432,117,0.7264957264957265,0.6790123456790124,1.0,0.7037037037037037,0.3333333333333333
90,54000,patient32,impaired_02,impaired,432,117,0.9401709401709402,0.9401611047180668,1.0,0.9090909090909091,0.9113924050632911
90,54000,patient32,impaired_03,impaired,432,117,0.8632478632478633,0.8572409059711736,1.0,0.8297872340425533,0.7419354838709677
90,54000,patient32,impaired_04,impaired,432,117,0.8547008547008547,0.849121010411333,1.0,0.8172043010752689,0.7301587301587301
90,54000,patient32,impaired_05,impaired,432,117,0.8974358974358975,0.8949494949494948,1.0,0.8666666666666666,0.8181818181818181
90,54000,patient32,impaired_06,impaired,432,117,0.8888888888888888,0.886634244507798,1.0,0.853932584269663,0.8059701492537313
90,54000,patient32,impaired_07,impaired,432,117,0.9230769230769231,0.9220389805097451,1.0,0.896551724137931,0.8695652173913044
90,54000,patient32,impaired_08,impaired,432,117,0.8717948717948718,0.8668714797747056,1.0,0.8387096774193548,0.761904761904762
90,54000,patient32,impaired_09,impaired,432,117,0.8803418803418803,0.8773809523809524,0.975,0.8,0.8571428571428571
90,54000,patient32,impaired_10,impaired,432,117,0.9230769230769231,0.9221308016877637,0.975,0.8799999999999999,0.9113924050632911
90,54000,patient32,impaired_11,impaired,432,117,0.8376068376068376,0.8309060387459734,0.9873417721518987,0.7956989247311828,0.7096774193548387
90,54000,patient32,impaired_12,impaired,432,117,0.9230769230769231,0.9221308016877637,0.975,0.8799999999999999,0.9113924050632911
90,54000,patient33,healthy_01,healthy,432,117,1.0,1.0,1.0,1.0,1.0
90,54000,patient33,healthy_02,healthy,432,117,0.8547008547008547,0.850176195112904,0.9873417721518987,0.8131868131868132,0.7500000000000001
90,54000,patient33,impaired_01,impaired,432,117,0.9572649572649573,0.9570886284865491,1.0,0.9397590361445783,0.9315068493150686
90,54000,patient33,impaired_02,impaired,432,117,0.7777777777777778,0.7545388525780683,1.0,0.7450980392156863,0.5185185185185185
90,54000,patient33,impaired_03,impaired,432,117,0.8717948717948718,0.8695187853834278,0.975,0.8275862068965517,0.8059701492537313
90,54000,patient33,impaired_04,impaired,432,117,0.717948717948718,0.6564564564564564,1.0,0.7027027027027027,0.2666666666666667
90,54000,patient33,impaired_05,impaired,432,117,0.8290598290598291,0.817030260380014,1.0,0.7959183673469388,0.6551724137931034
90,54000,patient33,impaired_06,impaired,432,117,0.7521367521367521,0.7123784093076483,1.0,0.7289719626168224,0.4081632653061224
90,54000,patient34,healthy_01,healthy,432,117,0.905982905982906,0.9040751299681368,1.0,0.8764044943820225,0.835820895522388
90,54000,patient34,healthy_02,healthy,432,117,0.9914529914529915,0.9914515863882952,1.0,0.9873417721518987,0.9870129870129869
90,54000,patient34,impaired_01,impaired,432,117,0.8803418803418803,0.8763586956521738,1.0,0.8478260869565216,0.7812500000000001
90,54000,patient34,impaired_02,impaired,432,117,0.811965811965812,0.7957142857142857,1.0,0.78,0.6071428571428571
90,54000,patient34,impaired_03,impaired,432,117,0.7264957264957265,0.6790123456790124,1.0,0.7037037037037037,0.3333333333333333
90,54000,patient34,impaired_04,impaired,432,117,0.8376068376068376,0.827363271011707,1.0,0.8041237113402061,0.6779661016949152
90,54000,patient34,impaired_05,impaired,432,117,0.7350427350427351,0.7034490904795653,0.9397590361445783,0.7,0.47058823529411764
90,54000,patient34,impaired_06,impaired,432,117,0.8888888888888888,0.8873896385140764,1.0,0.8505747126436781,0.8115942028985509
90,54000,patient35,healthy_01,healthy,432,117,0.9401709401709402,0.939890363140325,0.9873417721518987,0.9156626506024097,0.9166666666666666
90,54000,patient35,healthy_02,healthy,432,117,0.8205128205128205,0.8064859117490698,1.0,0.787878787878788,0.631578947368421
90,54000,patient35,impaired_01,impaired,432,117,0.6495726495726496,0.6019109759398328,0.6226415094339622,0.9870129870129869,0.196078431372549
90,54000,patient35,impaired_02,impaired,432,117,0.8290598290598291,0.8246642246642247,0.7999999999999999,0.9047619047619048,0.7692307692307693
90,54000,patient35,impaired_03,impaired,432,117,0.717948717948718,0.6723672883787661,0.951219512195122,0.7058823529411765,0.36000000000000004
90,54000,patient35,impaired_04,impaired,432,117,0.8803418803418803,0.8763586956521738,1.0,0.8478260869565216,0.7812500000000001
90,54000,patient35,impaired_05,impaired,432,117,0.5897435897435898,0.6000000000000001,0.8,0.5384615384615385,0.46153846153846156
90,54000,patient35,impaired_06,impaired,432,117,0.8632478632478633,0.859568327653434,0.9870129870129869,0.8297872340425533,0.761904761904762
90,54000,patient36,healthy_01,healthy,432,117,0.8547008547008547,0.8517524735871206,1.0,0.8089887640449438,0.746268656716418
90,54000,patient36,healthy_02,healthy,432,117,0.7692307692307693,0.742810038468584,1.0,0.7378640776699028,0.4905660377358491
90,54000,patient36,impaired_01,impaired,432,117,0.9658119658119658,0.9657894736842105,1.0,0.9473684210526315,0.9500000000000001
90,54000,patient36,impaired_02,impaired,432,117,0.9316239316239316,0.9316239316239315,1.0,0.8974358974358975,0.8974358974358975
90,54000,patient36,impaired_03,impaired,432,117,0.8376068376068376,0.8295081967213115,1.0,0.8,0.6885245901639344
90,54000,patient36,impaired_04,impaired,432,117,0.9572649572649573,0.9571886108471475,0.9870129870129869,0.9333333333333333,0.951219512195122
90,54000,patient37,healthy_01,healthy,432,117,0.9743589743589743,0.9743209876543211,1.0,0.962962962962963,0.9600000000000001
90,54000,patient37,healthy_02,healthy,432,117,1.0,1.0,1.0,1.0,1.0
90,54000,patient37,impaired_01,impaired,432,117,1.0,1.0,1.0,1.0,1.0
90,54000,patient37,impaired_02,impaired,432,117,0.9829059829059829,0.9828947368421054,1.0,0.975,0.9736842105263158
90,54000,patient37,impaired_03,impaired,432,117,0.9487179487179487,0.9484126984126985,1.0,0.9285714285714286,0.9166666666666666
90,54000,patient37,impaired_04,impaired,432,117,0.9487179487179487,0.9484126984126985,1.0,0.9285714285714286,0.9166666666666666
90,54000,patient38,healthy_01,healthy,432,117,0.9658119658119658,0.9657894736842105,1.0,0.9500000000000001,0.9473684210526315
90,54000,patient38,healthy_02,healthy,432,117,0.8888888888888888,0.8857142857142858,1.0,0.8571428571428571,0.8
90,54000,patient38,impaired_01,impaired,432,117,0.9914529914529915,0.9914515863882952,1.0,0.9870129870129869,0.9873417721518987
90,54000,patient38,impaired_02,impaired,432,117,1.0,1.0,1.0,1.0,1.0
90,54000,patient38,impaired_03,impaired,416,117,0.7948717948717948,0.7763866513233602,0.9873417721518987,0.76,0.5818181818181819
90,54000,patient38,impaired_04,impaired,432,117,0.9145299145299145,0.9131016042780749,1.0,0.8863636363636364,0.8529411764705882
90,54000,patient39,healthy_01,healthy,432,117,0.8034188034188035,0.7846984698469847,1.0,0.7722772277227723,0.5818181818181819
90,54000,patient39,impaired_01,impaired,432,117,0.8717948717948718,0.8681318681318682,1.0,0.8351648351648352,0.7692307692307693
90,54000,patient39,impaired_02,impaired,432,117,0.8974358974358975,0.8957219251336898,1.0,0.8636363636363635,0.8235294117647058
90,54000,patient39,impaired_03,impaired,432,117,0.8290598290598291,0.8194444444444443,1.0,0.7916666666666666,0.6666666666666666
90,54000,patient39,impaired_04,impaired,432,117,0.7264957264957265,0.7020567938105685,0.951219512195122,0.673469387755102,0.48148148148148145
90,54000,patient40,healthy_01,healthy,432,117,0.9829059829059829,0.983008658008658,0.975,0.9870129870129869,0.9870129870129869
90,54000,patient40,healthy_02,healthy,432,117,1.0,1.0,1.0,1.0,1.0
90,54000,patient40,impaired_01,impaired,432,117,0.9316239316239316,0.9308970099667774,1.0,0.9069767441860465,0.8857142857142858
90,54000,patient40,impaired_02,impaired,432,117,0.8974358974358975,0.8957219251336898,1.0,0.8636363636363635,0.8235294117647058
90,54000,patient40,impaired_03,impaired,432,117,0.9743589743589743,0.9743209876543211,1.0,0.962962962962963,0.9600000000000001
90,54000,patient40,impaired_04,impaired,432,117,0.9145299145299145,0.9136212624584719,1.0,0.8837209302325582,0.8571428571428572
90,54000,patient40,impaired_05,impaired,432,117,0.8803418803418803,0.8763586956521738,1.0,0.8478260869565216,0.7812500000000001
90,54000,patient40,impaired_06,impaired,432,117,0.6666666666666666,0.5555555555555555,1.0,0.6666666666666666,0.0
90,54000,patient40,impaired_07,impaired,432,117,0.6239316239316239,0.5932430048339862,0.8059701492537313,0.6333333333333333,0.3404255319148936
90,54000,patient40,impaired_08,impaired,432,117,0.7692307692307693,0.7378151260504202,1.0,0.7428571428571429,0.47058823529411764
90,54000,patient40,impaired_09,impaired,432,117,0.8803418803418803,0.8763586956521738,1.0,0.8478260869565216,0.7812500000000001
90,54000,patient40,impaired_10,impaired,432,117,0.5384615384615384,0.5133903133903134,0.3999999999999999,0.5846153846153846,0.5555555555555556
90,54000,patient40,impaired_11,impaired,432,117,0.8974358974358975,0.8949494949494948,1.0,0.8666666666666666,0.8181818181818181
90,54000,patient41,healthy_01,healthy,432,117,0.9230769230769231,0.922759531275788,1.0,0.891566265060241,0.8767123287671232
90,54000,patient41,healthy_02,healthy,432,117,0.8205128205128205,0.8091909837497816,1.0,0.7835051546391754,0.6440677966101694
90,54000,patient41,impaired_01,impaired,432,117,0.5641025641025641,0.5516820786788011,0.6451612903225806,0.5785123966942148,0.4313725490196078
90,54000,patient41,impaired_02,impaired,432,117,0.5213675213675214,0.5022511785581864,0.5806451612903226,0.5689655172413793,0.35714285714285715
90,54000,patient41,impaired_03,impaired,432,117,0.8461538461538461,0.846390480536822,0.878048780487805,0.7692307692307693,0.8918918918918919
90,54000,patient42,healthy_01,healthy,432,117,0.9316239316239316,0.9308970099667774,1.0,0.9069767441860465,0.8857142857142858
90,54000,patient42,healthy_02,healthy,432,117,0.9145299145299145,0.9143535857515063,0.9397590361445783,0.8717948717948718,0.9315068493150686
90,54000,patient42,impaired_01,impaired,432,117,0.9572649572649573,0.9568917018284107,0.9873417721518987,0.9333333333333333,0.9500000000000001
90,54000,patient42,impaired_02,impaired,432,117,0.9658119658119658,0.9660774997360363,0.951219512195122,0.9870129870129869,0.9600000000000001
90,54000,patient42,impaired_03,impaired,432,117,0.8376068376068376,0.827363271011707,1.0,0.8041237113402061,0.6779661016949152
90,54000,patient43,healthy_01,healthy,432,117,0.8632478632478633,0.8658203658203658,0.8333333333333333,0.8181818181818182,0.945945945945946
90,54000,patient43,healthy_02,healthy,432,117,0.9914529914529915,0.9914515863882952,0.9873417721518987,0.9870129870129869,1.0
90,54000,patient43,impaired_01,impaired,432,117,0.905982905982906,0.9040751299681368,1.0,0.8764044943820225,0.835820895522388
90,54000,patient43,impaired_02,impaired,432,117,0.9829059829059829,0.9828947368421054,1.0,0.975,0.9736842105263158
90,54000,patient44,healthy_01,healthy,432,117,1.0,1.0,1.0,1.0,1.0
90,54000,patient44,healthy_02,healthy,432,117,0.9658119658119658,0.965721819380356,1.0,0.951219512195122,0.945945945945946
90,54000,patient44,impaired_01,impaired,432,117,0.9230769230769231,0.9212945779097499,0.9873417721518987,0.9069767441860465,0.8695652173913044
90,54000,patient44,impaired_02,impaired,432,117,0.9829059829059829,0.9828947368421054,1.0,0.9736842105263158,0.975
90,54000,patient44,impaired_03,impaired,432,117,0.9316239316239316,0.9308970099667774,1.0,0.9069767441860465,0.8857142857142858
90,54000,patient44,impaired_04,impaired,432,117,0.8803418803418803,0.8763586956521738,1.0,0.8478260869565216,0.7812500000000001
90,54000,patient45,healthy_01,healthy,432,117,0.9572649572649573,0.9567862165963431,0.975,0.9333333333333333,0.9620253164556962
90,54000,patient45,healthy_02,healthy,432,117,0.8888888888888888,0.8879254571026722,0.975,0.8354430379746836,0.8533333333333333
90,54000,patient45,impaired_01,impaired,432,117,0.8974358974358975,0.8957219251336898,1.0,0.8636363636363635,0.8235294117647058
90,54000,patient45,impaired_02,impaired,432,117,0.8632478632478633,0.8572409059711736,1.0,0.8297872340425533,0.7419354838709677
90,54000,patient46,healthy_01,healthy,432,117,0.8717948717948718,0.8668714797747056,1.0,0.8387096774193548,0.761904761904762
90,54000,patient46,healthy_02,healthy,432,117,0.8888888888888888,0.8873896385140764,1.0,0.8505747126436781,0.8115942028985509
90,54000,patient46,impaired_01,impaired,432,117,0.9487179487179487,0.9485827290705341,1.0,0.9268292682926831,0.9189189189189189
90,54000,patient46,impaired_02,impaired,432,117,0.8632478632478633,0.8572409059711736,1.0,0.8297872340425533,0.7419354838709677
90,54000,patient46,impaired_03,impaired,432,117,0.8888888888888888,0.886634244507798,1.0,0.853932584269663,0.8059701492537313
90,54000,patient46,impaired_04,impaired,432,117,0.9316239316239316,0.9308970099667774,1.0,0.9069767441860465,0.8857142857142858
90,54000,patient46,impaired_05,impaired,432,117,1.0,1.0,1.0,1.0,1.0
90,54000,patient46,impaired_06,impaired,432,117,0.8461538461538461,0.8375,1.0,0.8125000000000001,0.7000000000000001
90,54000,patient46,impaired_07,impaired,432,117,0.7350427350427351,0.6908740486612248,0.9873417721518987,0.7102803738317757,0.375
90,54000,patient46,impaired_08,impaired,432,117,0.7606837606837606,0.7378395061728394,0.975,0.7200000000000001,0.5185185185185185
90,54000,patient46,impaired_09,impaired,432,117,0.8376068376068376,0.8350312588803638,0.975,0.776470588235294,0.7536231884057971
90,54000,patient46,impaired_10,impaired,432,117,0.8803418803418803,0.8784037320622686,0.951219512195122,0.8461538461538461,0.8378378378378378
90,54000,patient47,healthy_01,healthy,432,117,1.0,1.0,1.0,1.0,1.0
90,54000,patient47,healthy_02,healthy,432,117,0.9658119658119658,0.9658119658119658,1.0,0.9487179487179487,0.9487179487179487
90,54000,patient47,impaired_01,impaired,432,117,0.9743589743589743,0.9743504330446369,0.9736842105263158,0.9620253164556962,0.9873417721518987
90,54000,patient47,impaired_02,impaired,432,117,0.9401709401709402,0.9411976682564918,0.9600000000000001,0.9176470588235294,0.945945945945946
90,54000,patient47,impaired_03,impaired,432,117,0.8290598290598291,0.817030260380014,1.0,0.7959183673469388,0.6551724137931034
90,54000,patient47,impaired_04,impaired,432,117,0.6581196581196581,0.6344185472931311,0.3333333333333333,0.7169811320754718,0.8529411764705882
90,54000,patient47,impaired_05,impaired,432,117,0.811965811965812,0.8143939393939394,0.875,0.75,0.8181818181818181
90,54000,patient48,healthy_01,healthy,432,117,0.8034188034188035,0.7846984698469847,1.0,0.7722772277227723,0.5818181818181819
90,54000,patient48,healthy_02,healthy,432,117,0.9829059829059829,0.9827892516100377,0.9873417721518987,0.9873417721518987,0.9736842105263158
90,54000,patient48,impaired_01,impaired,432,117,0.8632478632478633,0.8646729436203119,0.8108108108108107,0.9736842105263158,0.8095238095238095
120,72000,patient1,healthy_01,healthy,432,117,0.9829059829059829,0.9828947368421054,1.0,0.975,0.9736842105263158
120,72000,patient1,healthy_02,healthy,432,117,0.9658119658119658,0.965721819380356,1.0,0.951219512195122,0.945945945945946
120,72000,patient1,impaired_01,impaired,432,117,0.7521367521367521,0.7123784093076483,1.0,0.7289719626168224,0.4081632653061224
120,72000,patient1,impaired_02,impaired,432,117,0.9572649572649573,0.9570886284865491,1.0,0.9397590361445783,0.9315068493150686
120,72000,patient1,impaired_03,impaired,432,117,0.9145299145299145,0.9131016042780749,1.0,0.8863636363636364,0.8529411764705882
120,72000,patient1,impaired_04,impaired,432,117,0.9658119658119658,0.965721819380356,1.0,0.951219512195122,0.945945945945946
120,72000,patient1,impaired_05,impaired,432,117,0.8803418803418803,0.8763586956521738,1.0,0.8478260869565216,0.7812500000000001
120,72000,patient1,impaired_06,impaired,432,117,0.905982905982906,0.9040751299681368,1.0,0.8764044943820225,0.835820895522388
120,72000,patient2,healthy_01,healthy,432,117,0.7948717948717948,0.7734204793028322,1.0,0.7647058823529412,0.5555555555555556
120,72000,patient2,healthy_02,healthy,432,117,0.7350427350427351,0.6853406207300411,1.0,0.7155963302752294,0.3404255319148936
120,72000,patient2,impaired_01,impaired,432,117,0.7350427350427351,0.7047078219454113,1.0,0.6990291262135923,0.4150943396226415
120,72000,patient2,impaired_02,impaired,432,117,0.6495726495726496,0.5436066776738212,0.9873417721518987,0.6434782608695652,0.0
120,72000,patient2,impaired_03,impaired,432,117,0.9145299145299145,0.9140211640211641,1.0,0.8809523809523809,0.8611111111111112
120,72000,patient2,impaired_04,impaired,432,117,0.8461538461538461,0.8375,1.0,0.8125000000000001,0.7000000000000001
120,72000,patient2,impaired_05,impaired,432,117,0.9914529914529915,0.9914515863882952,1.0,0.9870129870129869,0.9873417721518987
120,72000,patient2,impaired_06,impaired,432,117,0.8803418803418803,0.8763586956521738,1.0,0.8478260869565216,0.7812500000000001
120,72000,patient3,healthy_01,healthy,432,117,0.9658119658119658,0.965721819380356,1.0,0.951219512195122,0.945945945945946
120,72000,patient3,healthy_02,healthy,432,117,0.6666666666666666,0.5555555555555555,1.0,0.6666666666666666,0.0
120,72000,patient3,impaired_01,impaired,432,117,0.6666666666666666,0.5555555555555555,1.0,0.6666666666666666,0.0
120,72000,patient3,impaired_02,impaired,432,117,0.8974358974358975,0.8994422994422995,0.945945945945946,0.8666666666666666,0.8857142857142858
120,72000,patient3,impaired_03,impaired,432,117,0.8376068376068376,0.827363271011707,1.0,0.8041237113402061,0.6779661016949152
120,72000,patient3,impaired_04,impaired,432,117,0.8888888888888888,0.8857142857142858,1.0,0.8571428571428571,0.8
120,72000,patient3,impaired_05,impaired,432,117,0.9914529914529915,0.9914515863882952,1.0,0.9873417721518987,0.9870129870129869
120,72000,patient3,impaired_06,impaired,432,117,0.9401709401709402,0.9396851698425849,1.0,0.9176470588235294,0.9014084507042254
120,72000,patient4,healthy_01,healthy,432,117,1.0,1.0,1.0,1.0,1.0
120,72000,patient4,healthy_02,healthy,424,117,0.8461538461538461,0.8416225749559083,0.962962962962963,0.8000000000000002,0.761904761904762
120,72000,patient4,impaired_01,impaired,432,117,0.9145299145299145,0.9136212624584719,1.0,0.8837209302325582,0.8571428571428572
120,72000,patient4,impaired_02,impaired,432,117,0.9914529914529915,0.9914515863882952,1.0,0.9873417721518987,0.9870129870129869
120,72000,patient4,impaired_03,impaired,432,117,1.0,1.0,1.0,1.0,1.0
120,72000,patient4,impaired_04,impaired,432,117,0.9572649572649573,0.9572016460905349,1.0,0.9382716049382716,0.9333333333333333
120,72000,patient4,impaired_05,impaired,432,117,0.7863247863247863,0.7707912871143111,0.962962962962963,0.7422680412371133,0.6071428571428571
120,72000,patient4,impaired_06,impaired,432,117,0.8717948717948718,0.8668714797747056,1.0,0.8387096774193548,0.761904761904762
120,72000,patient4,impaired_07,impaired,432,117,0.7435897435897436,0.6990740740740741,1.0,0.7222222222222222,0.375
120,72000,patient5,healthy_01,healthy,432,117,0.7264957264957265,0.6790123456790124,1.0,0.7037037037037037,0.3333333333333333
120,72000,patient5,healthy_02,healthy,432,117,0.9145299145299145,0.9131016042780749,1.0,0.8863636363636364,0.8529411764705882
120,72000,patient5,impaired_01,impaired,432,117,0.8547008547008547,0.8474547023295944,1.0,0.8210526315789474,0.7213114754098361
120,72000,patient5,impaired_02,impaired,432,117,0.9487179487179487,0.9484126984126985,1.0,0.9285714285714286,0.9166666666666666
120,72000,patient5,impaired_03,impaired,432,117,0.8888888888888888,0.8857142857142858,1.0,0.8571428571428571,0.8
120,72000,patient6,healthy_01,healthy,432,117,0.9487179487179487,0.9490304216331613,0.9870129870129869,0.9285714285714286,0.9315068493150686
120,72000,patient6,impaired_01,impaired,432,117,0.6495726495726496,0.5478260869565217,1.0,0.6434782608695652,0.0
120,72000,patient6,impaired_02,impaired,432,117,0.7606837606837606,0.7252830188679246,1.0,0.7358490566037735,0.44000000000000006
120,72000,patient6,impaired_03,impaired,432,117,0.6837606837606838,0.604033751800782,1.0,0.6725663716814159,0.13953488372093026
120,72000,patient6,impaired_04,impaired,432,117,0.8547008547008547,0.8474547023295944,1.0,0.8210526315789474,0.7213114754098361
120,72000,patient7,healthy_01,healthy,432,117,0.9743589743589743,0.9743209876543211,1.0,0.962962962962963,0.9600000000000001
120,72000,patient7,healthy_02,healthy,432,117,0.9316239316239316,0.9308970099667774,1.0,0.9069767441860465,0.8857142857142858
120,72000,patient7,impaired_01,impaired,432,117,0.9743589743589743,0.9743547591648859,0.9610389610389611,0.9620253164556962,1.0
120,72000,patient7,impaired_02,impaired,432,117,0.7777777777777778,0.7665364391370583,0.9473684210526315,0.7450980392156863,0.6071428571428571
120,72000,patient7,impaired_03,impaired,432,117,0.9145299145299145,0.9136212624584719,0.8571428571428572,0.8837209302325582,1.0
120,72000,patient7,impaired_04,impaired,432,117,0.8717948717948718,0.8749805204924419,0.9166666666666666,0.8387096774193548,0.8695652173913044
120,72000,patient7,impaired_05,impaired,432,117,0.9914529914529915,0.9914515863882952,1.0,0.9873417721518987,0.9870129870129869
120,72000,patient7,impaired_06,impaired,432,117,0.9572649572649573,0.9572607420708686,0.9610389610389611,0.9487179487179487,0.9620253164556962
120,72000,patient7,impaired_07,impaired,432,117,1.0,1.0,1.0,1.0,1.0
120,72000,patient7,impaired_08,impaired,432,117,0.9316239316239316,0.9311707092060096,0.9873417721518987,0.9047619047619048,0.9014084507042254
120,72000,patient7,impaired_09,impaired,432,117,1.0,1.0,1.0,1.0,1.0
120,72000,patient8,healthy_01,healthy,432,117,0.8632478632478633,0.8572409059711736,1.0,0.8297872340425533,0.7419354838709677
120,72000,patient8,impaired_01,impaired,432,117,0.9401709401709402,0.9408933981540196,0.9736842105263158,0.9156626506024097,0.9333333333333333
120,72000,patient8,impaired_02,impaired,432,117,0.7948717948717948,0.7734204793028322,1.0,0.7647058823529412,0.5555555555555556
120,72000,patient9,healthy_01,healthy,432,117,0.9145299145299145,0.9136212624584719,1.0,0.8837209302325582,0.8571428571428572
120,72000,patient9,impaired_01,impaired,432,117,0.8376068376068376,0.827363271011707,1.0,0.8041237113402061,0.6779661016949152
120,72000,patient9,impaired_02,impaired,432,117,0.9572649572649573,0.9572016460905349,1.0,0.9382716049382716,0.9333333333333333
120,72000,patient9,impaired_03,impaired,432,117,0.8717948717948718,0.8668714797747056,1.0,0.8387096774193548,0.761904761904762
120,72000,patient9,impaired_04,impaired,432,117,0.7264957264957265,0.6711462450592885,1.0,0.7090909090909091,0.30434782608695654
120,72000,patient9,impaired_05,impaired,432,117,0.8034188034188035,0.7846984698469847,1.0,0.7722772277227723,0.5818181818181819
120,72000,patient9,impaired_06,impaired,432,117,0.8974358974358975,0.8949494949494948,1.0,0.8666666666666666,0.8181818181818181
120,72000,patient10,healthy_01,healthy,432,117,0.8974358974358975,0.8957219251336898,1.0,0.8636363636363635,0.8235294117647058
120,72000,patient10,healthy_02,healthy,432,117,0.9487179487179487,0.9484126984126985,1.0,0.9285714285714286,0.9166666666666666
120,72000,patient10,impaired_01,impaired,432,117,0.7692307692307693,0.7378151260504202,1.0,0.7428571428571429,0.47058823529411764
120,72000,patient10,impaired_02,impaired,432,117,0.7692307692307693,0.7378151260504202,1.0,0.7428571428571429,0.47058823529411764
120,72000,patient10,impaired_03,impaired,432,117,0.8547008547008547,0.8535211267605632,1.0,0.7999999999999999,0.7605633802816902
120,72000,patient10,impaired_04,impaired,432,117,0.7094017094017094,0.6412337662337663,1.0,0.6964285714285715,0.22727272727272727
120,72000,patient10,impaired_05,impaired,432,117,0.7606837606837606,0.7252830188679246,1.0,0.7358490566037735,0.44000000000000006
120,72000,patient10,impaired_06,impaired,432,117,0.811965811965812,0.7987332864180154,1.0,0.7755102040816326,0.6206896551724138
120,72000,patient10,impaired_07,impaired,432,117,0.9316239316239316,0.9313685636856368,0.975,0.9024390243902439,0.9166666666666666
120,72000,patient10,impaired_08,impaired,432,117,0.9230769230769231,0.9220389805097451,1.0,0.896551724137931,0.8695652173913044
120,72000,patient11,healthy_01,healthy,432,117,0.9572649572649573,0.9572579319414762,1.0,0.9367088607594937,0.935064935064935
120,72000,patient11,healthy_02,healthy,432,117,0.9401709401709402,0.9405094914254842,0.9743589743589743,0.9156626506024097,0.9315068493150686
120,72000,patient11,impaired_01,impaired,432,117,0.7435897435897436,0.7255453905700211,1.0,0.6938775510204083,0.4827586206896552
120,72000,patient11,impaired_02,impaired,432,117,0.9230769230769231,0.9224097226062504,0.9870129870129869,0.9069767441860465,0.8732394366197183
120,72000,patient11,impaired_03,impaired,432,117,0.811965811965812,0.8163213275854077,0.8888888888888888,0.7659574468085106,0.7941176470588235
120,72000,patient11,impaired_04,impaired,432,117,0.9230769230769231,0.9220389805097451,1.0,0.896551724137931,0.8695652173913044
120,72000,patient12,healthy_01,healthy,432,117,0.6923076923076923,0.6300395256916996,1.0,0.6727272727272727,0.21739130434782608
120,72000,patient12,healthy_02,healthy,432,117,0.6666666666666666,0.5810402158228244,0.9870129870129869,0.6608695652173913,0.09523809523809523
120,72000,patient12,impaired_01,impaired,432,117,0.9914529914529915,0.9914515863882952,0.9873417721518987,1.0,0.9870129870129869
120,72000,patient12,impaired_02,impaired,432,117,0.8547008547008547,0.849121010411333,1.0,0.8172043010752689,0.7301587301587301
120,72000,patient12,impaired_03,impaired,432,117,0.9658119658119658,0.965721819380356,1.0,0.951219512195122,0.945945945945946
120,72000,patient12,impaired_04,impaired,432,117,0.811965811965812,0.7957142857142857,1.0,0.78,0.6071428571428571
120,72000,patient12,impaired_05,impaired,432,117,0.9829059829059829,0.9828947368421054,1.0,0.975,0.9736842105263158
120,72000,patient12,impaired_06,impaired,432,117,0.9914529914529915,0.9914515863882952,1.0,0.9870129870129869,0.9873417721518987
120,72000,patient12,impaired_07,impaired,432,117,0.9230769230769231,0.9226060359581787,0.9113924050632911,0.9397590361445783,0.9166666666666666
120,72000,patient12,impaired_08,impaired,432,117,0.7863247863247863,0.7666856608515239,0.8863636363636364,0.8235294117647058,0.5901639344262295
120,72000,patient12,impaired_09,impaired,432,117,0.811965811965812,0.8115258115258115,0.8285714285714285,0.8222222222222223,0.7837837837837838
120,72000,patient13,healthy_01,healthy,432,117,0.9145299145299145,0.9163254163254163,0.945945945945946,0.8863636363636364,0.9166666666666666
120,72000,patient13,healthy_02,healthy,432,117,0.9145299145299145,0.9131016042780749,1.0,0.8863636363636364,0.8529411764705882
120,72000,patient13,impaired_01,impaired,432,117,0.9743589743589743,0.9745533868340885,0.9870129870129869,0.962962962962963,0.9736842105263158
120,72000,patient13,impaired_02,impaired,432,117,0.905982905982906,0.9045496506086605,0.9135802469135802,0.9268292682926831,0.8732394366197183
120,72000,patient13,impaired_03,impaired,432,117,0.8290598290598291,0.8194444444444443,1.0,0.7916666666666666,0.6666666666666666
120,72000,patient14,healthy_01,healthy,432,117,1.0,1.0,1.0,1.0,1.0
120,72000,patient14,healthy_02,healthy,432,117,0.8205128205128205,0.8091909837497816,1.0,0.7835051546391754,0.6440677966101694
120,72000,patient14,impaired_01,impaired,432,117,0.5726495726495726,0.5271413320193808,0.7575757575757577,0.6016260162601625,0.2222222222222222
120,72000,patient14,impaired_02,impaired,432,117,0.8205128205128205,0.8142144892144891,0.975,0.7692307692307692,0.6984126984126983
120,72000,patient15,healthy_01,healthy,432,117,0.8461538461538461,0.8393960192175705,1.0,0.8085106382978723,0.7096774193548387
120,72000,patient15,healthy_02,healthy,432,117,0.9230769230769231,0.9220389805097451,1.0,0.896551724137931,0.8695652173913044
120,72000,patient15,impaired_01,impaired,432,117,0.9914529914529915,0.9914515863882952,1.0,0.9873417721518987,0.9870129870129869
120,72000,patient16,healthy_01,healthy,432,117,0.8547008547008547,0.8474547023295944,1.0,0.8210526315789474,0.7213114754098361
120,72000,patient16,healthy_02,healthy,432,117,0.8461538461538461,0.8375,0.8125000000000001,1.0,0.7000000000000001
120,72000,patient16,impaired_01,impaired,432,117,0.9743589743589743,0.9743209876543211,1.0,0.962962962962963,0.9600000000000001
120,72000,patient16,impaired_02,impaired,432,117,0.9914529914529915,0.9914515863882952,0.9873417721518987,0.9870129870129869,1.0
120,72000,patient17,healthy_01,healthy,432,117,0.9401709401709402,0.9396851698425849,1.0,0.9176470588235294,0.9014084507042254
120,72000,patient17,healthy_02,healthy,432,117,0.9316239316239316,0.9308970099667774,1.0,0.9069767441860465,0.8857142857142858
120,72000,patient17,impaired_01,impaired,432,117,0.9743589743589743,0.9743506493506494,0.975,0.9870129870129869,0.9610389610389611
120,72000,patient17,impaired_02,impaired,432,117,0.8461538461538461,0.8375,1.0,0.8125000000000001,0.7000000000000001
120,72000,patient17,impaired_03,impaired,432,117,0.811965811965812,0.7987332864180154,1.0,0.7755102040816326,0.6206896551724138
120,72000,patient17,impaired_04,impaired,432,117,0.9145299145299145,0.9144349902970593,0.896551724137931,0.9610389610389611,0.8857142857142858
120,72000,patient17,impaired_05,impaired,432,117,0.8034188034188035,0.791018696487856,1.0,0.7628865979381444,0.6101694915254238
120,72000,patient17,impaired_06,impaired,432,117,0.5641025641025641,0.4631985461154022,0.0,0.6290322580645161,0.7605633802816902
120,72000,patient17,impaired_07,impaired,432,117,0.8205128205128205,0.8136200716845878,1.0,0.7741935483870968,0.6666666666666667
120,72000,patient17,impaired_08,impaired,432,117,0.9658119658119658,0.9658007197480881,0.9736842105263158,0.9487179487179487,0.975
120,72000,patient17,impaired_09,impaired,432,117,0.8547008547008547,0.849121010411333,1.0,0.8172043010752689,0.7301587301587301
120,72000,patient17,impaired_10,impaired,432,117,0.7863247863247863,0.7696260854155591,1.0,0.7474747474747475,0.5614035087719298
120,72000,patient17,impaired_11,impaired,372,117,0.7606837606837606,0.7307692307692308,1.0,0.7307692307692307,0.4615384615384615
120,72000,patient17,impaired_12,impaired,372,117,0.7777777777777778,0.7642042042042042,0.945945945945946,0.78,0.5666666666666667
120,72000,patient18,healthy_01,healthy,432,117,0.9316239316239316,0.931443638760712,1.0,0.9024390243902439,0.8918918918918919
120,72000,patient18,healthy_02,healthy,432,117,0.9487179487179487,0.9484126984126985,1.0,0.9285714285714286,0.9166666666666666
120,72000,patient18,impaired_01,impaired,432,117,0.8547008547008547,0.851067242335969,0.962962962962963,0.8089887640449438,0.7812500000000001
120,72000,patient18,impaired_02,impaired,432,117,0.8632478632478633,0.8641874957664433,0.945945945945946,0.8571428571428571,0.7894736842105263
120,72000,patient19,healthy_01,healthy,412,117,1.0,1.0,1.0,1.0,1.0
120,72000,patient19,healthy_02,healthy,372,117,0.8803418803418803,0.8761904761904763,0.9285714285714286,0.9,0.8
120,72000,patient19,impaired_01,impaired,432,117,0.9572649572649573,0.9572579319414762,1.0,0.9367088607594937,0.935064935064935
120,72000,patient19,impaired_02,impaired,432,117,0.717948717948718,0.7081087425232995,0.6562499999999999,0.8351648351648352,0.6329113924050633
120,72000,patient19,impaired_03,impaired,432,117,0.6923076923076923,0.643868236758145,0.9610389610389611,0.6788990825688073,0.29166666666666663
120,72000,patient19,impaired_04,impaired,432,117,0.5982905982905983,0.5769921436588104,0.6333333333333333,0.7037037037037037,0.3939393939393939
120,72000,patient19,impaired_05,impaired,432,117,0.452991452991453,0.3976983768028544,0.5818181818181819,0.5223880597014926,0.08888888888888889
120,72000,patient20,healthy_01,healthy,432,117,0.9145299145299145,0.9131016042780749,1.0,0.8863636363636364,0.8529411764705882
120,72000,patient20,impaired_01,impaired,432,117,0.9145299145299145,0.9131016042780749,1.0,0.8863636363636364,0.8529411764705882
120,72000,patient20,impaired_02,impaired,432,117,0.7777777777777778,0.75,1.0,0.7499999999999999,0.5
120,72000,patient21,healthy_01,healthy,432,117,0.8547008547008547,0.850030525030525,0.975,0.8131868131868132,0.761904761904762
120,72000,patient21,impaired_01,impaired,432,117,0.9743589743589743,0.9743547591648859,1.0,0.9620253164556962,0.9610389610389611
120,72000,patient21,impaired_02,impaired,392,117,0.8376068376068376,0.8313705410479604,1.0,0.7956989247311828,0.6984126984126983
120,72000,patient21,impaired_03,impaired,392,117,0.7692307692307693,0.7595721694036301,0.975,0.7191011235955057,0.5846153846153846
120,72000,patient22,healthy_01,healthy,432,117,0.9572649572649573,0.9570886284865491,1.0,0.9397590361445783,0.9315068493150686
120,72000,patient22,healthy_02,healthy,432,117,1.0,1.0,1.0,1.0,1.0
120,72000,patient22,impaired_01,impaired,432,117,0.8461538461538461,0.8375,1.0,0.8125000000000001,0.7000000000000001
120,72000,patient22,impaired_02,impaired,432,117,0.9487179487179487,0.9485827290705341,1.0,0.9268292682926831,0.9189189189189189
120,72000,patient22,impaired_03,impaired,412,117,0.9658119658119658,0.9656995606362694,0.9873417721518987,0.9487179487179487,0.9610389610389611
120,72000,patient22,impaired_04,impaired,292,117,0.8632478632478633,0.862246789625864,0.9873417721518987,0.8048780487804877,0.7945205479452054
120,72000,patient23,healthy_01,healthy,432,117,0.9401709401709402,0.9396851698425849,1.0,0.9176470588235294,0.9014084507042254
120,72000,patient23,healthy_02,healthy,432,117,0.9658119658119658,0.9657894736842105,1.0,0.9473684210526315,0.9500000000000001
120,72000,patient23,impaired_01,impaired,432,117,0.9230769230769231,0.9224523612261807,1.0,0.8941176470588235,0.8732394366197183
120,72000,patient23,impaired_02,impaired,432,117,0.6923076923076923,0.6090225563909774,1.0,0.6842105263157895,0.14285714285714288
120,72000,patient24,healthy_01,healthy,432,117,0.9829059829059829,0.9828947368421054,1.0,0.975,0.9736842105263158
120,72000,patient24,healthy_02,healthy,432,117,0.8888888888888888,0.884844455881512,0.975,0.8735632183908045,0.8059701492537313
120,72000,patient24,impaired_01,impaired,432,117,0.905982905982906,0.9040751299681368,1.0,0.8764044943820225,0.835820895522388
120,72000,patient24,impaired_02,impaired,432,117,0.7521367521367521,0.7293532573572296,0.9736842105263158,0.7238095238095238,0.4905660377358491
120,72000,patient24,impaired_03,impaired,432,117,0.717948717948718,0.66504001561585,1.0,0.6972477064220183,0.2978723404255319
120,72000,patient25,healthy_01,healthy,432,117,1.0,1.0,1.0,1.0,1.0
120,72000,patient25,healthy_02,healthy,432,117,0.9316239316239316,0.9308970099667774,1.0,0.9069767441860465,0.8857142857142858
120,72000,patient25,impaired_01,impaired,432,117,0.717948717948718,0.6745590828924163,0.962962962962963,0.6857142857142856,0.375
120,72000,patient25,impaired_02,impaired,432,117,0.8717948717948718,0.8681318681318682,1.0,0.8351648351648352,0.7692307692307693
120,72000,patient25,impaired_03,impaired,432,117,0.7692307692307693,0.7378151260504202,1.0,0.7428571428571429,0.47058823529411764
120,72000,patient25,impaired_04,impaired,432,117,0.7521367521367521,0.7123784093076483,1.0,0.7289719626168224,0.4081632653061224
120,72000,patient25,impaired_05,impaired,432,117,0.6837606837606838,0.6330345222201029,1.0,0.6542056074766355,0.2448979591836735
120,72000,patient25,impaired_06,impaired,432,117,0.8376068376068376,0.827363271011707,1.0,0.8041237113402061,0.6779661016949152
120,72000,patient25,impaired_07,impaired,432,117,0.8632478632478633,0.8609622001962625,0.962962962962963,0.813953488372093,0.8059701492537313
120,72000,patient25,impaired_08,impaired,432,117,0.9230769230769231,0.9224523612261807,1.0,0.8941176470588235,0.8732394366197183
120,72000,patient26,healthy_01,healthy,432,117,0.9316239316239316,0.9312169312169312,1.0,0.9047619047619048,0.8888888888888888
120,72000,patient26,healthy_02,healthy,432,117,0.9914529914529915,0.9914515863882952,1.0,0.9870129870129869,0.9873417721518987
120,72000,patient26,impaired_01,impaired,432,117,0.9316239316239316,0.9308970099667774,1.0,0.9069767441860465,0.8857142857142858
120,72000,patient26,impaired_02,impaired,432,117,0.6666666666666666,0.6219605831302638,0.9066666666666667,0.6548672566371682,0.30434782608695654
120,72000,patient26,impaired_03,impaired,432,117,0.9230769230769231,0.9224523612261807,1.0,0.8941176470588235,0.8732394366197183
120,72000,patient26,impaired_04,impaired,432,117,0.811965811965812,0.8100516709416007,0.9333333333333333,0.7755102040816326,0.7213114754098361
120,72000,patient26,impaired_05,impaired,432,117,0.8717948717948718,0.8688202247191011,0.975,0.8314606741573033,0.8
120,72000,patient26,impaired_06,impaired,432,117,0.7435897435897436,0.6990740740740741,1.0,0.7222222222222222,0.375
120,72000,patient26,impaired_07,impaired,432,117,0.9743589743589743,0.9741139240506329,0.9873417721518987,0.975,0.9600000000000001
120,72000,patient27,healthy_01,healthy,432,117,0.905982905982906,0.9047143095119106,1.0,0.8735632183908045,0.8405797101449275
120,72000,patient27,healthy_02,healthy,432,117,0.9743589743589743,0.974320987654321,1.0,0.9600000000000001,0.962962962962963
120,72000,patient27,impaired_01,impaired,432,117,0.9658119658119658,0.965721819380356,1.0,0.945945945945946,0.951219512195122
120,72000,patient27,impaired_02,impaired,432,117,0.8888888888888888,0.8884304340650272,1.0,0.8433734939759037,0.8219178082191781
120,72000,patient27,impaired_03,impaired,432,117,0.9658119658119658,0.965416893686936,0.9873417721518987,0.945945945945946,0.962962962962963
120,72000,patient27,impaired_04,impaired,432,117,0.8290598290598291,0.824648928307465,0.951219512195122,0.7727272727272728,0.7500000000000001
120,72000,patient27,impaired_05,impaired,432,117,0.7264957264957265,0.6860377358490566,1.0,0.6981132075471698,0.36000000000000004
120,72000,patient27,impaired_06,impaired,432,117,0.9658119658119658,0.9655757984705353,0.975,0.9473684210526315,0.9743589743589743
120,72000,patient28,healthy_01,healthy,432,117,0.6666666666666666,0.5555555555555555,1.0,0.6666666666666666,0.0
120,72000,patient28,healthy_02,healthy,432,117,0.9743589743589743,0.9743209876543211,0.962962962962963,1.0,0.9600000000000001
120,72000,patient28,impaired_01,impaired,432,117,0.9914529914529915,0.9914515863882952,0.9873417721518987,0.9870129870129869,1.0
120,72000,patient28,impaired_02,impaired,432,117,0.8888888888888888,0.8900280112044818,0.9600000000000001,0.8571428571428571,0.8529411764705882
120,72000,patient28,impaired_03,impaired,432,117,0.6410256410256411,0.5617506125980704,0.945945945945946,0.6440677966101694,0.09523809523809523
120,72000,patient28,impaired_04,impaired,432,117,0.8632478632478633,0.8595982545349634,0.9873417721518987,0.8222222222222223,0.7692307692307693
120,72000,patient28,impaired_05,impaired,432,117,0.7777777777777778,0.7711972818355797,0.9870129870129869,0.723404255319149,0.6031746031746031
120,72000,patient28,impaired_06,impaired,432,117,0.9401709401709402,0.9399289362647124,0.9873417721518987,0.9113924050632911,0.9210526315789475
120,72000,patient28,impaired_07,impaired,432,117,0.9230769230769231,0.9203665363085655,0.962962962962963,0.9285714285714286,0.8695652173913044
120,72000,patient29,healthy_01,healthy,432,117,0.9829059829059829,0.9829045778412867,0.9873417721518987,0.9743589743589743,0.9870129870129869
120,72000,patient29,healthy_02,healthy,432,117,0.9743589743589743,0.9743506493506494,0.975,0.9610389610389611,0.9870129870129869
120,72000,patient29,impaired_01,impaired,432,117,0.9487179487179487,0.94855929658655,0.9873417721518987,0.9268292682926831,0.9315068493150686
120,72000,patient29,impaired_02,impaired,432,117,0.8205128205128205,0.8086731135280592,0.9873417721518987,0.7835051546391754,0.6551724137931034
120,72000,patient29,impaired_03,impaired,432,117,0.9743589743589743,0.9743547591648859,1.0,0.9610389610389611,0.9620253164556962
120,72000,patient29,impaired_04,impaired,432,117,0.9401709401709402,0.9396851698425849,1.0,0.9176470588235294,0.9014084507042254
120,72000,patient30,healthy_01,healthy,432,117,0.9572649572649573,0.9572362869198313,0.9600000000000001,0.9367088607594937,0.975
120,72000,patient30,healthy_02,healthy,432,117,0.811965811965812,0.794121139057848,0.9873417721518987,0.787878787878788,0.6071428571428571
120,72000,patient30,impaired_01,impaired,432,117,0.9658119658119658,0.9656995606362694,0.9873417721518987,0.9610389610389611,0.9487179487179487
120,72000,patient30,impaired_02,impaired,432,117,0.8974358974358975,0.8949494949494948,1.0,0.8666666666666666,0.8181818181818181
120,72000,patient31,healthy_01,healthy,432,117,0.9658119658119658,0.9657805907172996,0.9873417721518987,0.9600000000000001,0.9500000000000001
120,72000,patient31,healthy_02,healthy,432,117,0.9743589743589743,0.9743209876543211,1.0,0.962962962962963,0.9600000000000001
120,72000,patient31,impaired_01,impaired,432,117,0.8717948717948718,0.8718869245185035,0.8157894736842105,0.9189189189189189,0.8809523809523809
120,72000,patient31,impaired_02,impaired,432,117,0.7350427350427351,0.7000530915625255,0.7499999999999999,0.935064935064935,0.4150943396226415
120,72000,patient31,impaired_03,impaired,432,117,0.905982905982906,0.9053823760651071,0.962962962962963,0.8674698795180724,0.8857142857142858
120,72000,patient31,impaired_04,impaired,432,117,0.9743589743589743,0.9745533868340885,0.9736842105263158,0.9870129870129869,0.962962962962963
120,72000,patient31,impaired_05,impaired,432,117,0.9230769230769231,0.9220389805097451,1.0,0.896551724137931,0.8695652173913044
120,72000,patient31,impaired_06,impaired,432,117,0.7521367521367521,0.7315782087379065,0.9285714285714286,0.7415730337078651,0.5245901639344261
120,72000,patient32,healthy_01,healthy,432,117,0.7692307692307693,0.7378151260504202,1.0,0.7428571428571429,0.47058823529411764
120,72000,patient32,healthy_02,healthy,432,117,0.9829059829059829,0.9828947368421054,1.0,0.975,0.9736842105263158
120,72000,patient32,impaired_01,impaired,432,117,0.717948717948718,0.6727064657638756,1.0,0.6915887850467289,0.326530612244898
120,72000,patient32,impaired_02,impaired,432,117,0.9316239316239316,0.931157006440151,0.9873417721518987,0.8947368421052632,0.9113924050632911
120,72000,patient32,impaired_03,impaired,432,117,0.8632478632478633,0.8572409059711736,1.0,0.8297872340425533,0.7419354838709677
120,72000,patient32,impaired_04,impaired,432,117,0.8547008547008547,0.849121010411333,1.0,0.8172043010752689,0.7301587301587301
120,72000,patient32,impaired_05,impaired,432,117,0.8888888888888888,0.886634244507798,1.0,0.853932584269663,0.8059701492537313
120,72000,patient32,impaired_06,impaired,432,117,0.8974358974358975,0.8949494949494948,1.0,0.8666666666666666,0.8181818181818181
120,72000,patient32,impaired_07,impaired,432,117,0.9145299145299145,0.9136212624584719,1.0,0.8837209302325582,0.8571428571428572
120,72000,patient32,impaired_08,impaired,432,117,0.8632478632478633,0.8586956521739131,1.0,0.8260869565217391,0.7500000000000001
120,72000,patient32,impaired_09,impaired,432,117,0.9401709401709402,0.9398365347732437,0.9873417721518987,0.9090909090909091,0.9230769230769231
120,72000,patient32,impaired_10,impaired,432,117,0.9401709401709402,0.9401611047180668,1.0,0.9090909090909091,0.9113924050632911
120,72000,patient32,impaired_11,impaired,432,117,0.8461538461538461,0.839054628619869,0.9873417721518987,0.8085106382978723,0.7213114754098361
120,72000,patient32,impaired_12,impaired,432,117,0.905982905982906,0.9040926771520379,0.962962962962963,0.8493150684931507,0.9
120,72000,patient33,healthy_01,healthy,432,117,1.0,1.0,1.0,1.0,1.0
120,72000,patient33,healthy_02,healthy,432,117,0.8717948717948718,0.8668714797747056,1.0,0.8387096774193548,0.761904761904762
120,72000,patient33,impaired_01,impaired,432,117,0.9572649572649573,0.9570886284865491,1.0,0.9397590361445783,0.9315068493150686
120,72000,patient33,impaired_02,impaired,432,117,0.7863247863247863,0.7618611467301704,1.0,0.7572815533980582,0.5283018867924528
120,72000,patient33,impaired_03,impaired,432,117,0.8974358974358975,0.8949494949494948,1.0,0.8666666666666666,0.8181818181818181
120,72000,patient33,impaired_04,impaired,432,117,0.7094017094017094,0.6505928853754941,1.0,0.6909090909090908,0.2608695652173913
120,72000,patient33,impaired_05,impaired,432,117,0.8290598290598291,0.817030260380014,1.0,0.7959183673469388,0.6551724137931034
120,72000,patient33,impaired_06,impaired,432,117,0.7521367521367521,0.7123784093076483,1.0,0.7289719626168224,0.4081632653061224
120,72000,patient34,healthy_01,healthy,432,117,0.905982905982906,0.9040751299681368,1.0,0.8764044943820225,0.835820895522388
120,72000,patient34,healthy_02,healthy,432,117,0.9914529914529915,0.9914515863882952,1.0,0.9873417721518987,0.9870129870129869
120,72000,patient34,impaired_01,impaired,432,117,0.8632478632478633,0.8599326599326601,1.0,0.8222222222222223,0.7575757575757577
120,72000,patient34,impaired_02,impaired,432,117,0.811965811965812,0.7957142857142857,1.0,0.78,0.6071428571428571
120,72000,patient34,impaired_03,impaired,432,117,0.7264957264957265,0.6790123456790124,1.0,0.7037037037037037,0.3333333333333333
120,72000,patient34,impaired_04,impaired,432,117,0.8376068376068376,0.827363271011707,1.0,0.8041237113402061,0.6779661016949152
120,72000,patient34,impaired_05,impaired,432,117,0.7606837606837606,0.7278174376546734,0.975,0.7378640776699028,0.47058823529411764
120,72000,patient34,impaired_06,impaired,432,117,0.8974358974358975,0.8957219251336898,1.0,0.8636363636363635,0.8235294117647058
120,72000,patient35,healthy_01,healthy,432,117,0.9487179487179487,0.9484126984126985,1.0,0.9285714285714286,0.9166666666666666
120,72000,patient35,healthy_02,healthy,432,117,0.811965811965812,0.7987332864180154,1.0,0.7755102040816326,0.6206896551724138
120,72000,patient35,impaired_01,impaired,432,117,0.6495726495726496,0.6019109759398328,0.6226415094339622,0.9870129870129869,0.196078431372549
120,72000,patient35,impaired_02,impaired,432,117,0.8376068376068376,0.8329656862745098,0.7999999999999999,0.9176470588235294,0.7812500000000001
120,72000,patient35,impaired_03,impaired,432,117,0.7350427350427351,0.6870263775025679,0.962962962962963,0.7307692307692307,0.3673469387755102
120,72000,patient35,impaired_04,impaired,432,117,0.8547008547008547,0.8517524735871206,1.0,0.8089887640449438,0.746268656716418
120,72000,patient35,impaired_05,impaired,432,117,0.6324786324786325,0.6351681957186545,0.8,0.6055045871559632,0.5
120,72000,patient35,impaired_06,impaired,432,117,0.8632478632478633,0.859568327653434,0.9870129870129869,0.8297872340425533,0.761904761904762
120,72000,patient36,healthy_01,healthy,432,117,0.8717948717948718,0.8681318681318682,1.0,0.8351648351648352,0.7692307692307693
120,72000,patient36,healthy_02,healthy,432,117,0.7777777777777778,0.75,1.0,0.7499999999999999,0.5
120,72000,patient36,impaired_01,impaired,432,117,0.9829059829059829,0.982905982905983,1.0,0.9743589743589743,0.9743589743589743
120,72000,patient36,impaired_02,impaired,432,117,0.9572649572649573,0.9572016460905349,1.0,0.9382716049382716,0.9333333333333333
120,72000,patient36,impaired_03,impaired,432,117,0.8461538461538461,0.8375,1.0,0.8125000000000001,0.7000000000000001
120,72000,patient36,impaired_04,impaired,432,117,0.9487179487179487,0.948563647358828,0.9870129870129869,0.9189189189189189,0.9397590361445783
120,72000,patient37,healthy_01,healthy,432,117,0.9743589743589743,0.9743209876543211,1.0,0.962962962962963,0.9600000000000001
120,72000,patient37,healthy_02,healthy,432,117,1.0,1.0,1.0,1.0,1.0
120,72000,patient37,impaired_01,impaired,432,117,1.0,1.0,1.0,1.0,1.0
120,72000,patient37,impaired_02,impaired,432,117,0.9829059829059829,0.9828947368421054,1.0,0.975,0.9736842105263158
120,72000,patient37,impaired_03,impaired,432,117,0.9401709401709402,0.9399240798811684,1.0,0.9156626506024097,0.9041095890410958
120,72000,patient37,impaired_04,impaired,432,117,0.9487179487179487,0.9484126984126985,1.0,0.9285714285714286,0.9166666666666666
120,72000,patient38,healthy_01,healthy,432,117,0.9658119658119658,0.9657894736842105,1.0,0.9500000000000001,0.9473684210526315
120,72000,patient38,healthy_02,healthy,432,117,0.8888888888888888,0.8857142857142858,1.0,0.8571428571428571,0.8
120,72000,patient38,impaired_01,impaired,432,117,1.0,1.0,1.0,1.0,1.0
120,72000,patient38,impaired_02,impaired,432,117,0.9914529914529915,0.9914515863882952,1.0,0.9870129870129869,0.9873417721518987
120,72000,patient38,impaired_03,impaired,416,117,0.8034188034188035,0.7846984698469847,1.0,0.7722772277227723,0.5818181818181819
120,72000,patient38,impaired_04,impaired,432,117,0.9145299145299145,0.9131016042780749,1.0,0.8863636363636364,0.8529411764705882
120,72000,patient39,healthy_01,healthy,432,117,0.8034188034188035,0.7846984698469847,1.0,0.7722772277227723,0.5818181818181819
120,72000,patient39,impaired_01,impaired,432,117,0.8632478632478633,0.8599326599326601,1.0,0.8222222222222223,0.7575757575757577
120,72000,patient39,impaired_02,impaired,432,117,0.8974358974358975,0.8957219251336898,1.0,0.8636363636363635,0.8235294117647058
120,72000,patient39,impaired_03,impaired,432,117,0.8205128205128205,0.8106378233719892,0.975,0.7789473684210526,0.6779661016949152
120,72000,patient39,impaired_04,impaired,432,117,0.7435897435897436,0.7214285714285714,1.0,0.7,0.4642857142857143
120,72000,patient40,healthy_01,healthy,432,117,0.9914529914529915,0.9914515863882952,0.9873417721518987,1.0,0.9870129870129869
120,72000,patient40,healthy_02,healthy,432,117,0.9829059829059829,0.9828947368421054,1.0,0.9736842105263158,0.975
120,72000,patient40,impaired_01,impaired,432,117,0.9316239316239316,0.9308970099667774,1.0,0.9069767441860465,0.8857142857142858
120,72000,patient40,impaired_02,impaired,432,117,0.8888888888888888,0.8873896385140764,1.0,0.8505747126436781,0.8115942028985509
120,72000,patient40,impaired_03,impaired,432,117,0.9743589743589743,0.9743209876543211,1.0,0.962962962962963,0.9600000000000001
120,72000,patient40,impaired_04,impaired,432,117,0.9230769230769231,0.9220389805097451,1.0,0.896551724137931,0.8695652173913044
120,72000,patient40,impaired_05,impaired,432,117,0.8803418803418803,0.8763586956521738,1.0,0.8478260869565216,0.7812500000000001
120,72000,patient40,impaired_06,impaired,432,117,0.6666666666666666,0.5555555555555555,1.0,0.6666666666666666,0.0
120,72000,patient40,impaired_07,impaired,432,117,0.6153846153846154,0.5870507406942876,0.8059701492537313,0.6218487394957982,0.3333333333333333
120,72000,patient40,impaired_08,impaired,432,117,0.7692307692307693,0.7378151260504202,1.0,0.7428571428571429,0.47058823529411764
120,72000,patient40,impaired_09,impaired,432,117,0.8717948717948718,0.867918869105578,0.9873417721518987,0.8351648351648352,0.7812500000000001
120,72000,patient40,impaired_10,impaired,432,117,0.5470085470085471,0.5197128893966407,0.4081632653061224,0.5954198473282443,0.5555555555555556
120,72000,patient40,impaired_11,impaired,432,117,0.8974358974358975,0.8949494949494948,1.0,0.8666666666666666,0.8181818181818181
120,72000,patient41,healthy_01,healthy,432,117,0.9316239316239316,0.9312169312169312,1.0,0.9047619047619048,0.8888888888888888
120,72000,patient41,healthy_02,healthy,432,117,0.811965811965812,0.8013888888888889,1.0,0.7708333333333334,0.6333333333333333
120,72000,patient41,impaired_01,impaired,432,117,0.5470085470085471,0.5375398022456847,0.6349206349206349,0.5546218487394958,0.4230769230769231
120,72000,patient41,impaired_02,impaired,432,117,0.5299145299145299,0.5084927020410891,0.5806451612903226,0.5811965811965812,0.3636363636363636
120,72000,patient41,impaired_03,impaired,432,117,0.8205128205128205,0.8190476190476189,0.8571428571428571,0.7199999999999999,0.8799999999999999
120,72000,patient42,healthy_01,healthy,432,117,0.9316239316239316,0.9308970099667774,1.0,0.9069767441860465,0.8857142857142858
120,72000,patient42,healthy_02,healthy,432,117,0.9401709401709402,0.9400290320762162,0.975,0.9135802469135802,0.9315068493150686
120,72000,patient42,impaired_01,impaired,432,117,0.9829059829059829,0.9829045778412867,0.9873417721518987,0.9743589743589743,0.9870129870129869
120,72000,patient42,impaired_02,impaired,432,117,0.9230769230769231,0.9226287262872629,0.951219512195122,0.9166666666666666,0.9
120,72000,patient42,impaired_03,impaired,432,117,0.8376068376068376,0.827363271011707,1.0,0.8041237113402061,0.6779661016949152
120,72000,patient43,healthy_01,healthy,432,117,0.8717948717948718,0.8741590142128203,0.8450704225352113,0.8314606741573033,0.945945945945946
120,72000,patient43,healthy_02,healthy,432,117,0.9914529914529915,0.9914515863882952,0.9873417721518987,0.9870129870129869,1.0
120,72000,patient43,impaired_01,impaired,432,117,0.905982905982906,0.9040751299681368,1.0,0.8764044943820225,0.835820895522388
120,72000,patient43,impaired_02,impaired,432,117,0.9829059829059829,0.9828947368421054,1.0,0.975,0.9736842105263158
120,72000,patient44,healthy_01,healthy,432,117,1.0,1.0,1.0,1.0,1.0
120,72000,patient44,healthy_02,healthy,432,117,0.9658119658119658,0.965721819380356,1.0,0.951219512195122,0.945945945945946
120,72000,patient44,impaired_01,impaired,432,117,0.9230769230769231,0.9212945779097499,0.9873417721518987,0.9069767441860465,0.8695652173913044
120,72000,patient44,impaired_02,impaired,432,117,0.9914529914529915,0.9914515863882952,1.0,0.9870129870129869,0.9873417721518987
120,72000,patient44,impaired_03,impaired,432,117,0.9230769230769231,0.9224523612261807,1.0,0.8941176470588235,0.8732394366197183
120,72000,patient44,impaired_04,impaired,432,117,0.8803418803418803,0.8763586956521738,1.0,0.8478260869565216,0.7812500000000001
120,72000,patient45,healthy_01,healthy,432,117,0.9829059829059829,0.982905982905983,1.0,0.9743589743589743,0.9743589743589743
120,72000,patient45,healthy_02,healthy,432,117,0.8888888888888888,0.8877569552675038,0.962962962962963,0.8354430379746836,0.8648648648648648
120,72000,patient45,impaired_01,impaired,432,117,0.905982905982906,0.9040751299681368,1.0,0.8764044943820225,0.835820895522388
120,72000,patient45,impaired_02,impaired,432,117,0.8632478632478633,0.8572409059711736,1.0,0.8297872340425533,0.7419354838709677
120,72000,patient46,healthy_01,healthy,432,117,0.8717948717948718,0.8668714797747056,1.0,0.8387096774193548,0.761904761904762
120,72000,patient46,healthy_02,healthy,432,117,0.8974358974358975,0.8957219251336898,1.0,0.8636363636363635,0.8235294117647058
120,72000,patient46,impaired_01,impaired,432,117,0.9487179487179487,0.9485827290705341,1.0,0.9268292682926831,0.9189189189189189
120,72000,patient46,impaired_02,impaired,432,117,0.8632478632478633,0.8572409059711736,1.0,0.8297872340425533,0.7419354838709677
120,72000,patient46,impaired_03,impaired,432,117,0.8974358974358975,0.8949494949494948,1.0,0.8666666666666666,0.8181818181818181
120,72000,patient46,impaired_04,impaired,432,117,0.9230769230769231,0.9223912349750026,0.9873417721518987,0.8941176470588235,0.8857142857142858
120,72000,patient46,impaired_05,impaired,432,117,1.0,1.0,1.0,1.0,1.0
120,72000,patient46,impaired_06,impaired,432,117,0.8461538461538461,0.8375,1.0,0.8125000000000001,0.7000000000000001
120,72000,patient46,impaired_07,impaired,432,117,0.7094017094017094,0.6693589743589743,0.975,0.673076923076923,0.36000000000000004
120,72000,patient46,impaired_08,impaired,432,117,0.7777777777777778,0.7535805660533459,0.9873417721518987,0.7450980392156863,0.5283018867924528
120,72000,patient46,impaired_09,impaired,432,117,0.7777777777777778,0.7735296271881639,0.951219512195122,0.6666666666666666,0.7027027027027027
120,72000,patient46,impaired_10,impaired,432,117,0.8888888888888888,0.8870980247863862,0.951219512195122,0.8607594936708861,0.8493150684931507
120,72000,patient47,healthy_01,healthy,432,117,1.0,1.0,1.0,1.0,1.0
120,72000,patient47,healthy_02,healthy,432,117,0.9743589743589743,0.9743547591648859,1.0,0.9620253164556962,0.9610389610389611
120,72000,patient47,impaired_01,impaired,432,117,0.9743589743589743,0.9743504330446369,0.9736842105263158,0.9620253164556962,0.9873417721518987
120,72000,patient47,impaired_02,impaired,432,117,0.9401709401709402,0.9411976682564918,0.9600000000000001,0.9176470588235294,0.945945945945946
120,72000,patient47,impaired_03,impaired,432,117,0.8290598290598291,0.817030260380014,1.0,0.7959183673469388,0.6551724137931034
120,72000,patient47,impaired_04,impaired,432,117,0.6666666666666666,0.6402987299782894,0.3389830508474576,0.7289719626168224,0.8529411764705882
120,72000,patient47,impaired_05,impaired,432,117,0.8205128205128205,0.822767570456377,0.8860759493670887,0.7640449438202247,0.8181818181818181
120,72000,patient48,healthy_01,healthy,432,117,0.8034188034188035,0.7846984698469847,1.0,0.7722772277227723,0.5818181818181819
120,72000,patient48,healthy_02,healthy,432,117,0.9829059829059829,0.9827892516100377,0.9873417721518987,0.9873417721518987,0.9736842105263158
120,72000,patient48,impaired_01,impaired,432,117,0.8547008547008547,0.8565079365079367,0.8,0.9600000000000001,0.8095238095238095
